,model,lr,n_epochs,hidden_size,weight_decay,model_name,Test Accuracy,Test F1,max_depth,min_samples_split,min_samples_leaf,criterion,n_estimators,max_features,C,penalty,solver,max_iter,class_weight
0,MLP,0.1,50.0,64.0,0.1,MLP,0.3826530612244898,0.21486823823484444,,,,,,,,,,,
1,MLP,0.1,50.0,64.0,0.01,MLP,0.3826530612244898,0.2811027568922306,,,,,,,,,,,
2,MLP,0.1,50.0,64.0,0.001,MLP,0.44387755102040816,0.2959128167848996,,,,,,,,,,,
3,MLP,0.1,50.0,128.0,0.1,MLP,0.4030612244897959,0.4042763629064998,,,,,,,,,,,
4,MLP,0.1,50.0,128.0,0.01,MLP,0.34183673469387754,0.25697492163009406,,,,,,,,,,,
5,MLP,0.1,50.0,128.0,0.001,MLP,0.32142857142857145,0.23920184181541118,,,,,,,,,,,
6,MLP,0.1,50.0,256.0,0.1,MLP,0.4387755102040816,0.3203180319091602,,,,,,,,,,,
7,MLP,0.1,50.0,256.0,0.01,MLP,0.3826530612244898,0.26125944140214336,,,,,,,,,,,
8,MLP,0.1,50.0,256.0,0.001,MLP,0.40816326530612246,0.29817797787577527,,,,,,,,,,,
9,MLP,0.1,50.0,512.0,0.1,MLP,0.35714285714285715,0.24438417987907166,,,,,,,,,,,
10,MLP,0.1,50.0,512.0,0.01,MLP,0.3673469387755102,0.2277388167388167,,,,,,,,,,,
11,MLP,0.1,50.0,512.0,0.001,MLP,0.3469387755102041,0.25899988831807014,,,,,,,,,,,
12,MLP,0.1,50.0,1024.0,0.1,MLP,0.40816326530612246,0.261690778357445,,,,,,,,,,,
13,MLP,0.1,50.0,1024.0,0.01,MLP,0.3520408163265306,0.2339219922269492,,,,,,,,,,,
14,MLP,0.1,50.0,1024.0,0.001,MLP,0.37755102040816324,0.1999175255442418,,,,,,,,,,,
15,MLP,0.1,100.0,64.0,0.1,MLP,0.34183673469387754,0.18822136809269163,,,,,,,,,,,
16,MLP,0.1,100.0,64.0,0.01,MLP,0.41836734693877553,0.2448349073367129,,,,,,,,,,,
17,MLP,0.1,100.0,64.0,0.001,MLP,0.34183673469387754,0.17693174684700108,,,,,,,,,,,
18,MLP,0.1,100.0,128.0,0.1,MLP,0.34183673469387754,0.19884992022396605,,,,,,,,,,,
19,MLP,0.1,100.0,128.0,0.01,MLP,0.37244897959183676,0.2474127772469108,,,,,,,,,,,
20,MLP,0.1,100.0,128.0,0.001,MLP,0.33163265306122447,0.23554273120915462,,,,,,,,,,,
21,MLP,0.1,100.0,256.0,0.1,MLP,0.32142857142857145,0.23468394297290066,,,,,,,,,,,
22,MLP,0.1,100.0,256.0,0.01,MLP,0.37244897959183676,0.2693425201819481,,,,,,,,,,,
23,MLP,0.1,100.0,256.0,0.001,MLP,0.37244897959183676,0.2459138625360632,,,,,,,,,,,
24,MLP,0.1,100.0,512.0,0.1,MLP,0.35714285714285715,0.24503385626173238,,,,,,,,,,,
25,MLP,0.1,100.0,512.0,0.01,MLP,0.3826530612244898,0.23733564526824655,,,,,,,,,,,
26,MLP,0.1,100.0,512.0,0.001,MLP,0.37755102040816324,0.23355312275532994,,,,,,,,,,,
27,MLP,0.1,100.0,1024.0,0.1,MLP,0.39285714285714285,0.21530601041470607,,,,,,,,,,,
28,MLP,0.1,100.0,1024.0,0.01,MLP,0.34183673469387754,0.22409344360218242,,,,,,,,,,,
29,MLP,0.1,100.0,1024.0,0.001,MLP,0.3979591836734694,0.2766586877175113,,,,,,,,,,,
30,MLP,0.1,200.0,64.0,0.1,MLP,0.35714285714285715,0.190820379694028,,,,,,,,,,,
31,MLP,0.1,200.0,64.0,0.01,MLP,0.37755102040816324,0.25476922012869724,,,,,,,,,,,
32,MLP,0.1,200.0,64.0,0.001,MLP,0.44387755102040816,0.3115569950643058,,,,,,,,,,,
33,MLP,0.1,200.0,128.0,0.1,MLP,0.37244897959183676,0.22407332886206124,,,,,,,,,,,
34,MLP,0.1,200.0,128.0,0.01,MLP,0.3469387755102041,0.17819755608236065,,,,,,,,,,,
35,MLP,0.1,200.0,128.0,0.001,MLP,0.33163265306122447,0.21242422690288787,,,,,,,,,,,
36,MLP,0.1,200.0,256.0,0.1,MLP,0.3469387755102041,0.19417596807382928,,,,,,,,,,,
37,MLP,0.1,200.0,256.0,0.01,MLP,0.3163265306122449,0.19434238385247846,,,,,,,,,,,
38,MLP,0.1,200.0,256.0,0.001,MLP,0.35714285714285715,0.274518959301568,,,,,,,,,,,
39,MLP,0.1,200.0,512.0,0.1,MLP,0.42857142857142855,0.3245657562830634,,,,,,,,,,,
40,MLP,0.1,200.0,512.0,0.01,MLP,0.3877551020408163,0.2864419199523564,,,,,,,,,,,
41,MLP,0.1,200.0,512.0,0.001,MLP,0.3673469387755102,0.18723140066682306,,,,,,,,,,,
42,MLP,0.1,200.0,1024.0,0.1,MLP,0.33163265306122447,0.21264111705288177,,,,,,,,,,,
43,MLP,0.1,200.0,1024.0,0.01,MLP,0.34183673469387754,0.2591184818976917,,,,,,,,,,,
44,MLP,0.1,200.0,1024.0,0.001,MLP,0.3826530612244898,0.2576092771326037,,,,,,,,,,,
45,MLP,0.1,500.0,64.0,0.1,MLP,0.4030612244897959,0.2767971151835489,,,,,,,,,,,
46,MLP,0.1,500.0,64.0,0.01,MLP,0.3673469387755102,0.2010151222247328,,,,,,,,,,,
47,MLP,0.1,500.0,64.0,0.001,MLP,0.3673469387755102,0.24329823543229834,,,,,,,,,,,
48,MLP,0.1,500.0,128.0,0.1,MLP,0.3826530612244898,0.2682575827806198,,,,,,,,,,,
49,MLP,0.1,500.0,128.0,0.01,MLP,0.3826530612244898,0.26549222464942107,,,,,,,,,,,
50,MLP,0.1,500.0,128.0,0.001,MLP,0.39285714285714285,0.24680850988786499,,,,,,,,,,,
51,MLP,0.1,500.0,256.0,0.1,MLP,0.3112244897959184,0.27683804290947145,,,,,,,,,,,
52,MLP,0.1,500.0,256.0,0.01,MLP,0.3979591836734694,0.24372634003940216,,,,,,,,,,,
53,MLP,0.1,500.0,256.0,0.001,MLP,0.37755102040816324,0.27989978997047166,,,,,,,,,,,
54,MLP,0.1,500.0,512.0,0.1,MLP,0.3622448979591837,0.272171277997365,,,,,,,,,,,
55,MLP,0.1,500.0,512.0,0.01,MLP,0.35714285714285715,0.234949224456008,,,,,,,,,,,
56,MLP,0.1,500.0,512.0,0.001,MLP,0.30612244897959184,0.18520423626806606,,,,,,,,,,,
57,MLP,0.1,500.0,1024.0,0.1,MLP,0.37755102040816324,0.23219806597434356,,,,,,,,,,,
58,MLP,0.1,500.0,1024.0,0.01,MLP,0.3673469387755102,0.2411218941017703,,,,,,,,,,,
59,MLP,0.1,500.0,1024.0,0.001,MLP,0.34183673469387754,0.24437866055513116,,,,,,,,,,,
60,MLP,0.01,50.0,64.0,0.1,MLP,0.3673469387755102,0.2397456834370116,,,,,,,,,,,
61,MLP,0.01,50.0,64.0,0.01,MLP,0.32142857142857145,0.18560606060606058,,,,,,,,,,,
62,MLP,0.01,50.0,64.0,0.001,MLP,0.3826530612244898,0.2574062923377992,,,,,,,,,,,
63,MLP,0.01,50.0,128.0,0.1,MLP,0.32142857142857145,0.2309594464518064,,,,,,,,,,,
64,MLP,0.01,50.0,128.0,0.01,MLP,0.33163265306122447,0.1984044193216855,,,,,,,,,,,
65,MLP,0.01,50.0,128.0,0.001,MLP,0.3673469387755102,0.27730837406644415,,,,,,,,,,,
66,MLP,0.01,50.0,256.0,0.1,MLP,0.44387755102040816,0.28181329089830065,,,,,,,,,,,
67,MLP,0.01,50.0,256.0,0.01,MLP,0.29591836734693877,0.21311946589888633,,,,,,,,,,,
68,MLP,0.01,50.0,256.0,0.001,MLP,0.33163265306122447,0.25204445858071817,,,,,,,,,,,
69,MLP,0.01,50.0,512.0,0.1,MLP,0.3469387755102041,0.2521577283020651,,,,,,,,,,,
70,MLP,0.01,50.0,512.0,0.01,MLP,0.4030612244897959,0.2559759081498212,,,,,,,,,,,
71,MLP,0.01,50.0,512.0,0.001,MLP,0.413265306122449,0.2662899203567664,,,,,,,,,,,
72,MLP,0.01,50.0,1024.0,0.1,MLP,0.3673469387755102,0.26379530337683915,,,,,,,,,,,
73,MLP,0.01,50.0,1024.0,0.01,MLP,0.4030612244897959,0.27331130300449885,,,,,,,,,,,
74,MLP,0.01,50.0,1024.0,0.001,MLP,0.35714285714285715,0.23629846855653303,,,,,,,,,,,
75,MLP,0.01,100.0,64.0,0.1,MLP,0.4030612244897959,0.294700356696094,,,,,,,,,,,
76,MLP,0.01,100.0,64.0,0.01,MLP,0.3469387755102041,0.26618656250235195,,,,,,,,,,,
77,MLP,0.01,100.0,64.0,0.001,MLP,0.336734693877551,0.22976060913242577,,,,,,,,,,,
78,MLP,0.01,100.0,128.0,0.1,MLP,0.39285714285714285,0.25993648703041133,,,,,,,,,,,
79,MLP,0.01,100.0,128.0,0.01,MLP,0.35714285714285715,0.23904177655467648,,,,,,,,,,,
80,MLP,0.01,100.0,128.0,0.001,MLP,0.35714285714285715,0.2594478231638365,,,,,,,,,,,
81,MLP,0.01,100.0,256.0,0.1,MLP,0.32142857142857145,0.28108612996333426,,,,,,,,,,,
82,MLP,0.01,100.0,256.0,0.01,MLP,0.33163265306122447,0.21439686618389606,,,,,,,,,,,
83,MLP,0.01,100.0,256.0,0.001,MLP,0.3979591836734694,0.27613190066210197,,,,,,,,,,,
84,MLP,0.01,100.0,512.0,0.1,MLP,0.3163265306122449,0.21497685455468218,,,,,,,,,,,
85,MLP,0.01,100.0,512.0,0.01,MLP,0.3520408163265306,0.2494899393775798,,,,,,,,,,,
86,MLP,0.01,100.0,512.0,0.001,MLP,0.37755102040816324,0.2702029652097369,,,,,,,,,,,
87,MLP,0.01,100.0,1024.0,0.1,MLP,0.3622448979591837,0.21396514283838228,,,,,,,,,,,
88,MLP,0.01,100.0,1024.0,0.01,MLP,0.336734693877551,0.28633937785640573,,,,,,,,,,,
89,MLP,0.01,100.0,1024.0,0.001,MLP,0.39285714285714285,0.2768749917673598,,,,,,,,,,,
90,MLP,0.01,200.0,64.0,0.1,MLP,0.39285714285714285,0.257367446192843,,,,,,,,,,,
91,MLP,0.01,200.0,64.0,0.01,MLP,0.35714285714285715,0.23487623532619992,,,,,,,,,,,
92,MLP,0.01,200.0,64.0,0.001,MLP,0.40816326530612246,0.3148351840736295,,,,,,,,,,,
93,MLP,0.01,200.0,128.0,0.1,MLP,0.37244897959183676,0.24792747371891874,,,,,,,,,,,
94,MLP,0.01,200.0,128.0,0.01,MLP,0.3520408163265306,0.2038759131872234,,,,,,,,,,,
95,MLP,0.01,200.0,128.0,0.001,MLP,0.42346938775510207,0.25082738293642165,,,,,,,,,,,
96,MLP,0.01,200.0,256.0,0.1,MLP,0.3520408163265306,0.26001121463077986,,,,,,,,,,,
97,MLP,0.01,200.0,256.0,0.01,MLP,0.33163265306122447,0.233263039613154,,,,,,,,,,,
98,MLP,0.01,200.0,256.0,0.001,MLP,0.3622448979591837,0.25422240519587547,,,,,,,,,,,
99,MLP,0.01,200.0,512.0,0.1,MLP,0.33163265306122447,0.1894625841994263,,,,,,,,,,,
100,MLP,0.01,200.0,512.0,0.01,MLP,0.39285714285714285,0.28299685300674654,,,,,,,,,,,
101,MLP,0.01,200.0,512.0,0.001,MLP,0.30612244897959184,0.20411706125044982,,,,,,,,,,,
102,MLP,0.01,200.0,1024.0,0.1,MLP,0.3673469387755102,0.2330041538838601,,,,,,,,,,,
103,MLP,0.01,200.0,1024.0,0.01,MLP,0.2857142857142857,0.17261549678531185,,,,,,,,,,,
104,MLP,0.01,200.0,1024.0,0.001,MLP,0.336734693877551,0.21589053225576493,,,,,,,,,,,
105,MLP,0.01,500.0,64.0,0.1,MLP,0.2857142857142857,0.1592149866190901,,,,,,,,,,,
106,MLP,0.01,500.0,64.0,0.01,MLP,0.34183673469387754,0.2594855065781566,,,,,,,,,,,
107,MLP,0.01,500.0,64.0,0.001,MLP,0.35714285714285715,0.2244982398070099,,,,,,,,,,,
108,MLP,0.01,500.0,128.0,0.1,MLP,0.37244897959183676,0.24698023298023297,,,,,,,,,,,
109,MLP,0.01,500.0,128.0,0.01,MLP,0.37244897959183676,0.23236272307845499,,,,,,,,,,,
110,MLP,0.01,500.0,128.0,0.001,MLP,0.3622448979591837,0.24251990063405418,,,,,,,,,,,
111,MLP,0.01,500.0,256.0,0.1,MLP,0.3469387755102041,0.23479971610776562,,,,,,,,,,,
112,MLP,0.01,500.0,256.0,0.01,MLP,0.32142857142857145,0.2155424762912855,,,,,,,,,,,
113,MLP,0.01,500.0,256.0,0.001,MLP,0.41836734693877553,0.28863682793760664,,,,,,,,,,,
114,MLP,0.01,500.0,512.0,0.1,MLP,0.3469387755102041,0.22760723125501367,,,,,,,,,,,
115,MLP,0.01,500.0,512.0,0.01,MLP,0.3112244897959184,0.2351476142061831,,,,,,,,,,,
116,MLP,0.01,500.0,512.0,0.001,MLP,0.3673469387755102,0.27818281696330477,,,,,,,,,,,
117,MLP,0.01,500.0,1024.0,0.1,MLP,0.4489795918367347,0.289021164021164,,,,,,,,,,,
118,MLP,0.01,500.0,1024.0,0.01,MLP,0.3520408163265306,0.24302863648890138,,,,,,,,,,,
119,MLP,0.01,500.0,1024.0,0.001,MLP,0.3622448979591837,0.21147670439589364,,,,,,,,,,,
120,MLP,0.001,50.0,64.0,0.1,MLP,0.3520408163265306,0.21026827651249871,,,,,,,,,,,
121,MLP,0.001,50.0,64.0,0.01,MLP,0.4489795918367347,0.2263754763754764,,,,,,,,,,,
122,MLP,0.001,50.0,64.0,0.001,MLP,0.37755102040816324,0.1958507269794949,,,,,,,,,,,
123,MLP,0.001,50.0,128.0,0.1,MLP,0.37244897959183676,0.18245860995390184,,,,,,,,,,,
124,MLP,0.001,50.0,128.0,0.01,MLP,0.413265306122449,0.24382390637414386,,,,,,,,,,,
125,MLP,0.001,50.0,128.0,0.001,MLP,0.32653061224489793,0.1756536864549433,,,,,,,,,,,
126,MLP,0.001,50.0,256.0,0.1,MLP,0.42346938775510207,0.2146670844898081,,,,,,,,,,,
127,MLP,0.001,50.0,256.0,0.01,MLP,0.41836734693877553,0.27388522319973935,,,,,,,,,,,
128,MLP,0.001,50.0,256.0,0.001,MLP,0.46938775510204084,0.3433125814849047,,,,,,,,,,,
129,MLP,0.001,50.0,512.0,0.1,MLP,0.40816326530612246,0.2487482324696595,,,,,,,,,,,
130,MLP,0.001,50.0,512.0,0.01,MLP,0.413265306122449,0.3254441316643792,,,,,,,,,,,
131,MLP,0.001,50.0,512.0,0.001,MLP,0.4489795918367347,0.29114327244015364,,,,,,,,,,,
132,MLP,0.001,50.0,1024.0,0.1,MLP,0.3979591836734694,0.30520625711351085,,,,,,,,,,,
133,MLP,0.001,50.0,1024.0,0.01,MLP,0.3826530612244898,0.23440273947443094,,,,,,,,,,,
134,MLP,0.001,50.0,1024.0,0.001,MLP,0.37755102040816324,0.22376611463298768,,,,,,,,,,,
135,MLP,0.001,100.0,64.0,0.1,MLP,0.4030612244897959,0.21078520737887266,,,,,,,,,,,
136,MLP,0.001,100.0,64.0,0.01,MLP,0.41836734693877553,0.2117739898989899,,,,,,,,,,,
137,MLP,0.001,100.0,64.0,0.001,MLP,0.3673469387755102,0.18415532535791745,,,,,,,,,,,
138,MLP,0.001,100.0,128.0,0.1,MLP,0.42857142857142855,0.23981239946089303,,,,,,,,,,,
139,MLP,0.001,100.0,128.0,0.01,MLP,0.37755102040816324,0.24365265887005014,,,,,,,,,,,
140,MLP,0.001,100.0,128.0,0.001,MLP,0.40816326530612246,0.236197119270135,,,,,,,,,,,
141,MLP,0.001,100.0,256.0,0.1,MLP,0.3826530612244898,0.2567246128499602,,,,,,,,,,,
142,MLP,0.001,100.0,256.0,0.01,MLP,0.4336734693877551,0.24770306020306018,,,,,,,,,,,
143,MLP,0.001,100.0,256.0,0.001,MLP,0.42346938775510207,0.22781575029798262,,,,,,,,,,,
144,MLP,0.001,100.0,512.0,0.1,MLP,0.40816326530612246,0.2550410866281701,,,,,,,,,,,
145,MLP,0.001,100.0,512.0,0.01,MLP,0.37244897959183676,0.25992697687903166,,,,,,,,,,,
146,MLP,0.001,100.0,512.0,0.001,MLP,0.413265306122449,0.30045088411796794,,,,,,,,,,,
147,MLP,0.001,100.0,1024.0,0.1,MLP,0.4030612244897959,0.26581019923411225,,,,,,,,,,,
148,MLP,0.001,100.0,1024.0,0.01,MLP,0.3979591836734694,0.2646642762257141,,,,,,,,,,,
149,MLP,0.001,100.0,1024.0,0.001,MLP,0.37244897959183676,0.2249687563512827,,,,,,,,,,,
150,MLP,0.001,200.0,64.0,0.1,MLP,0.3622448979591837,0.20148518667761173,,,,,,,,,,,
151,MLP,0.001,200.0,64.0,0.01,MLP,0.3877551020408163,0.23190650030339852,,,,,,,,,,,
152,MLP,0.001,200.0,64.0,0.001,MLP,0.40816326530612246,0.23834667147182875,,,,,,,,,,,
153,MLP,0.001,200.0,128.0,0.1,MLP,0.3520408163265306,0.22012092444293882,,,,,,,,,,,
154,MLP,0.001,200.0,128.0,0.01,MLP,0.413265306122449,0.2792853788136574,,,,,,,,,,,
155,MLP,0.001,200.0,128.0,0.001,MLP,0.39285714285714285,0.29783794369952554,,,,,,,,,,,
156,MLP,0.001,200.0,256.0,0.1,MLP,0.3469387755102041,0.24083694083694082,,,,,,,,,,,
157,MLP,0.001,200.0,256.0,0.01,MLP,0.35714285714285715,0.2475739874974917,,,,,,,,,,,
158,MLP,0.001,200.0,256.0,0.001,MLP,0.3622448979591837,0.2810746965452848,,,,,,,,,,,
159,MLP,0.001,200.0,512.0,0.1,MLP,0.3469387755102041,0.24835930476475876,,,,,,,,,,,
160,MLP,0.001,200.0,512.0,0.01,MLP,0.34183673469387754,0.20142962741613324,,,,,,,,,,,
161,MLP,0.001,200.0,512.0,0.001,MLP,0.3622448979591837,0.24717504339286853,,,,,,,,,,,
162,MLP,0.001,200.0,1024.0,0.1,MLP,0.34183673469387754,0.20539091172652815,,,,,,,,,,,
163,MLP,0.001,200.0,1024.0,0.01,MLP,0.3877551020408163,0.26400758305680916,,,,,,,,,,,
164,MLP,0.001,200.0,1024.0,0.001,MLP,0.4336734693877551,0.33782625448099424,,,,,,,,,,,
165,MLP,0.001,500.0,64.0,0.1,MLP,0.32653061224489793,0.21630644115152423,,,,,,,,,,,
166,MLP,0.001,500.0,64.0,0.01,MLP,0.3469387755102041,0.2125556470517711,,,,,,,,,,,
167,MLP,0.001,500.0,64.0,0.001,MLP,0.33163265306122447,0.24453062368777906,,,,,,,,,,,
168,MLP,0.001,500.0,128.0,0.1,MLP,0.3877551020408163,0.24454907535948076,,,,,,,,,,,
169,MLP,0.001,500.0,128.0,0.01,MLP,0.35714285714285715,0.3003494430712679,,,,,,,,,,,
170,MLP,0.001,500.0,128.0,0.001,MLP,0.3520408163265306,0.23296768850951413,,,,,,,,,,,
171,MLP,0.001,500.0,256.0,0.1,MLP,0.35714285714285715,0.25966255966255963,,,,,,,,,,,
172,MLP,0.001,500.0,256.0,0.01,MLP,0.3673469387755102,0.28579908188320696,,,,,,,,,,,
173,MLP,0.001,500.0,256.0,0.001,MLP,0.3877551020408163,0.24713416095897092,,,,,,,,,,,
174,MLP,0.001,500.0,512.0,0.1,MLP,0.3979591836734694,0.24711246200607903,,,,,,,,,,,
175,MLP,0.001,500.0,512.0,0.01,MLP,0.3469387755102041,0.22648620844098666,,,,,,,,,,,
176,MLP,0.001,500.0,512.0,0.001,MLP,0.3163265306122449,0.2455989284347493,,,,,,,,,,,
177,MLP,0.001,500.0,1024.0,0.1,MLP,0.3469387755102041,0.2617724867724867,,,,,,,,,,,
178,MLP,0.001,500.0,1024.0,0.01,MLP,0.32142857142857145,0.25755544146852094,,,,,,,,,,,
179,MLP,0.001,500.0,1024.0,0.001,MLP,0.3979591836734694,0.3015518050122277,,,,,,,,,,,
180,MLP,0.0001,50.0,64.0,0.1,MLP,0.32653061224489793,0.11963168721400484,,,,,,,,,,,
181,MLP,0.0001,50.0,64.0,0.01,MLP,0.336734693877551,0.12745086031448583,,,,,,,,,,,
182,MLP,0.0001,50.0,64.0,0.001,MLP,0.29591836734693877,0.10706221181701199,,,,,,,,,,,
183,MLP,0.0001,50.0,128.0,0.1,MLP,0.37244897959183676,0.14985380116959066,,,,,,,,,,,
184,MLP,0.0001,50.0,128.0,0.01,MLP,0.37755102040816324,0.17966013071895426,,,,,,,,,,,
185,MLP,0.0001,50.0,128.0,0.001,MLP,0.33163265306122447,0.1315451910002822,,,,,,,,,,,
186,MLP,0.0001,50.0,256.0,0.1,MLP,0.42857142857142855,0.16750556724932128,,,,,,,,,,,
187,MLP,0.0001,50.0,256.0,0.01,MLP,0.3826530612244898,0.14962292609351432,,,,,,,,,,,
188,MLP,0.0001,50.0,256.0,0.001,MLP,0.3877551020408163,0.14939182194616976,,,,,,,,,,,
189,MLP,0.0001,50.0,512.0,0.1,MLP,0.37244897959183676,0.14944107744107746,,,,,,,,,,,
190,MLP,0.0001,50.0,512.0,0.01,MLP,0.39285714285714285,0.16624579124579122,,,,,,,,,,,
191,MLP,0.0001,50.0,512.0,0.001,MLP,0.33163265306122447,0.13797534104267475,,,,,,,,,,,
192,MLP,0.0001,50.0,1024.0,0.1,MLP,0.413265306122449,0.1912242913858133,,,,,,,,,,,
193,MLP,0.0001,50.0,1024.0,0.01,MLP,0.39285714285714285,0.17120048222174847,,,,,,,,,,,
194,MLP,0.0001,50.0,1024.0,0.001,MLP,0.42346938775510207,0.20256835128417564,,,,,,,,,,,
195,MLP,0.0001,100.0,64.0,0.1,MLP,0.30612244897959184,0.13165700124801555,,,,,,,,,,,
196,MLP,0.0001,100.0,64.0,0.01,MLP,0.3469387755102041,0.13131774980734653,,,,,,,,,,,
197,MLP,0.0001,100.0,64.0,0.001,MLP,0.32142857142857145,0.11073056142823585,,,,,,,,,,,
198,MLP,0.0001,100.0,128.0,0.1,MLP,0.4030612244897959,0.17301494972186562,,,,,,,,,,,
199,MLP,0.0001,100.0,128.0,0.01,MLP,0.413265306122449,0.20131722071676653,,,,,,,,,,,
200,MLP,0.0001,100.0,128.0,0.001,MLP,0.3469387755102041,0.14043722570854353,,,,,,,,,,,
201,MLP,0.0001,100.0,256.0,0.1,MLP,0.3877551020408163,0.17677086992155486,,,,,,,,,,,
202,MLP,0.0001,100.0,256.0,0.01,MLP,0.4336734693877551,0.20736816712500605,,,,,,,,,,,
203,MLP,0.0001,100.0,256.0,0.001,MLP,0.34183673469387754,0.14928504783105487,,,,,,,,,,,
204,MLP,0.0001,100.0,512.0,0.1,MLP,0.4030612244897959,0.2405692553060974,,,,,,,,,,,
205,MLP,0.0001,100.0,512.0,0.01,MLP,0.3826530612244898,0.1936152238673247,,,,,,,,,,,
206,MLP,0.0001,100.0,512.0,0.001,MLP,0.35714285714285715,0.18028528528528528,,,,,,,,,,,
207,MLP,0.0001,100.0,1024.0,0.1,MLP,0.3826530612244898,0.20279430506995988,,,,,,,,,,,
208,MLP,0.0001,100.0,1024.0,0.01,MLP,0.40816326530612246,0.2386523477628688,,,,,,,,,,,
209,MLP,0.0001,100.0,1024.0,0.001,MLP,0.42857142857142855,0.19676989676989676,,,,,,,,,,,
210,MLP,0.0001,200.0,64.0,0.1,MLP,0.4744897959183674,0.2013977893895078,,,,,,,,,,,
211,MLP,0.0001,200.0,64.0,0.01,MLP,0.45408163265306123,0.21139724194022838,,,,,,,,,,,
212,MLP,0.0001,200.0,64.0,0.001,MLP,0.40816326530612246,0.16599363205715614,,,,,,,,,,,
213,MLP,0.0001,200.0,128.0,0.1,MLP,0.4030612244897959,0.19315830120914868,,,,,,,,,,,
214,MLP,0.0001,200.0,128.0,0.01,MLP,0.3622448979591837,0.1730924753867792,,,,,,,,,,,
215,MLP,0.0001,200.0,128.0,0.001,MLP,0.3673469387755102,0.16738112198904362,,,,,,,,,,,
216,MLP,0.0001,200.0,256.0,0.1,MLP,0.4336734693877551,0.21711056459108735,,,,,,,,,,,
217,MLP,0.0001,200.0,256.0,0.01,MLP,0.3877551020408163,0.19135953342905163,,,,,,,,,,,
218,MLP,0.0001,200.0,256.0,0.001,MLP,0.42346938775510207,0.21508482180751087,,,,,,,,,,,
219,MLP,0.0001,200.0,512.0,0.1,MLP,0.41836734693877553,0.2104848019778388,,,,,,,,,,,
220,MLP,0.0001,200.0,512.0,0.01,MLP,0.45918367346938777,0.2415605933959981,,,,,,,,,,,
221,MLP,0.0001,200.0,512.0,0.001,MLP,0.45408163265306123,0.2172043010752688,,,,,,,,,,,
222,MLP,0.0001,200.0,1024.0,0.1,MLP,0.39285714285714285,0.18488180942123464,,,,,,,,,,,
223,MLP,0.0001,200.0,1024.0,0.01,MLP,0.3979591836734694,0.22163877186319625,,,,,,,,,,,
224,MLP,0.0001,200.0,1024.0,0.001,MLP,0.3469387755102041,0.17996403742806621,,,,,,,,,,,
225,MLP,0.0001,500.0,64.0,0.1,MLP,0.46938775510204084,0.2337612733749581,,,,,,,,,,,
226,MLP,0.0001,500.0,64.0,0.01,MLP,0.4030612244897959,0.20534954407294834,,,,,,,,,,,
227,MLP,0.0001,500.0,64.0,0.001,MLP,0.39285714285714285,0.198341307814992,,,,,,,,,,,
228,MLP,0.0001,500.0,128.0,0.1,MLP,0.39285714285714285,0.22957610938036285,,,,,,,,,,,
229,MLP,0.0001,500.0,128.0,0.01,MLP,0.3877551020408163,0.1953163570110614,,,,,,,,,,,
230,MLP,0.0001,500.0,128.0,0.001,MLP,0.3877551020408163,0.19706146670220892,,,,,,,,,,,
231,MLP,0.0001,500.0,256.0,0.1,MLP,0.42857142857142855,0.2511785499684078,,,,,,,,,,,
232,MLP,0.0001,500.0,256.0,0.01,MLP,0.39285714285714285,0.2002805418293132,,,,,,,,,,,
233,MLP,0.0001,500.0,256.0,0.001,MLP,0.3826530612244898,0.2931110633973175,,,,,,,,,,,
234,MLP,0.0001,500.0,512.0,0.1,MLP,0.3826530612244898,0.259430778808243,,,,,,,,,,,
235,MLP,0.0001,500.0,512.0,0.01,MLP,0.4030612244897959,0.29070459622183764,,,,,,,,,,,
236,MLP,0.0001,500.0,512.0,0.001,MLP,0.41836734693877553,0.22473703938057507,,,,,,,,,,,
237,MLP,0.0001,500.0,1024.0,0.1,MLP,0.3877551020408163,0.20681652046783627,,,,,,,,,,,
238,MLP,0.0001,500.0,1024.0,0.01,MLP,0.3826530612244898,0.21698389763458256,,,,,,,,,,,
239,MLP,0.0001,500.0,1024.0,0.001,MLP,0.3520408163265306,0.21833898479345248,,,,,,,,,,,
240,DecisionTree,,,,,DecisionTree,0.3010204081632653,0.21950961508710043,,2.0,1.0,gini,,,,,,,
241,DecisionTree,,,,,DecisionTree,0.29591836734693877,0.20441837595647497,,2.0,1.0,entropy,,,,,,,
242,DecisionTree,,,,,DecisionTree,0.3010204081632653,0.22440767616716206,,2.0,2.0,gini,,,,,,,
243,DecisionTree,,,,,DecisionTree,0.2857142857142857,0.20379158340786377,,2.0,2.0,entropy,,,,,,,
244,DecisionTree,,,,,DecisionTree,0.3622448979591837,0.2556857856993615,,2.0,5.0,gini,,,,,,,
245,DecisionTree,,,,,DecisionTree,0.3520408163265306,0.2707726648850793,,2.0,5.0,entropy,,,,,,,
246,DecisionTree,,,,,DecisionTree,0.29081632653061223,0.2009991989105183,,5.0,1.0,gini,,,,,,,
247,DecisionTree,,,,,DecisionTree,0.30612244897959184,0.19574515609578724,,5.0,1.0,entropy,,,,,,,
248,DecisionTree,,,,,DecisionTree,0.3520408163265306,0.20987776017524304,,5.0,2.0,gini,,,,,,,
249,DecisionTree,,,,,DecisionTree,0.2857142857142857,0.18349714431613176,,5.0,2.0,entropy,,,,,,,
250,DecisionTree,,,,,DecisionTree,0.3520408163265306,0.2418555901314522,,5.0,5.0,gini,,,,,,,
251,DecisionTree,,,,,DecisionTree,0.3469387755102041,0.2609845427642038,,5.0,5.0,entropy,,,,,,,
252,DecisionTree,,,,,DecisionTree,0.30612244897959184,0.24348801124209454,,10.0,1.0,gini,,,,,,,
253,DecisionTree,,,,,DecisionTree,0.3112244897959184,0.22094951119654324,,10.0,1.0,entropy,,,,,,,
254,DecisionTree,,,,,DecisionTree,0.29081632653061223,0.1793164747710202,,10.0,2.0,gini,,,,,,,
255,DecisionTree,,,,,DecisionTree,0.336734693877551,0.2147387772387773,,10.0,2.0,entropy,,,,,,,
256,DecisionTree,,,,,DecisionTree,0.29081632653061223,0.21706130340727933,,10.0,5.0,gini,,,,,,,
257,DecisionTree,,,,,DecisionTree,0.3979591836734694,0.2698412698412699,,10.0,5.0,entropy,,,,,,,
258,DecisionTree,,,,,DecisionTree,0.4336734693877551,0.24165741669329302,5.0,2.0,1.0,gini,,,,,,,
259,DecisionTree,,,,,DecisionTree,0.37244897959183676,0.19227425077481874,5.0,2.0,1.0,entropy,,,,,,,
260,DecisionTree,,,,,DecisionTree,0.4336734693877551,0.22171005877566818,5.0,2.0,2.0,gini,,,,,,,
261,DecisionTree,,,,,DecisionTree,0.3979591836734694,0.2125120817557792,5.0,2.0,2.0,entropy,,,,,,,
262,DecisionTree,,,,,DecisionTree,0.37244897959183676,0.20955714054223762,5.0,2.0,5.0,gini,,,,,,,
263,DecisionTree,,,,,DecisionTree,0.29591836734693877,0.15677762783025942,5.0,2.0,5.0,entropy,,,,,,,
264,DecisionTree,,,,,DecisionTree,0.3877551020408163,0.19913973494536155,5.0,5.0,1.0,gini,,,,,,,
265,DecisionTree,,,,,DecisionTree,0.3877551020408163,0.23279303115195593,5.0,5.0,1.0,entropy,,,,,,,
266,DecisionTree,,,,,DecisionTree,0.30612244897959184,0.1770522219205358,5.0,5.0,2.0,gini,,,,,,,
267,DecisionTree,,,,,DecisionTree,0.3673469387755102,0.231187270501836,5.0,5.0,2.0,entropy,,,,,,,
268,DecisionTree,,,,,DecisionTree,0.3163265306122449,0.18667426115788208,5.0,5.0,5.0,gini,,,,,,,
269,DecisionTree,,,,,DecisionTree,0.3826530612244898,0.21799538834312834,5.0,5.0,5.0,entropy,,,,,,,
270,DecisionTree,,,,,DecisionTree,0.3979591836734694,0.2567873467314808,5.0,10.0,1.0,gini,,,,,,,
271,DecisionTree,,,,,DecisionTree,0.34183673469387754,0.19450203754613835,5.0,10.0,1.0,entropy,,,,,,,
272,DecisionTree,,,,,DecisionTree,0.4030612244897959,0.2382533608948703,5.0,10.0,2.0,gini,,,,,,,
273,DecisionTree,,,,,DecisionTree,0.39285714285714285,0.21391541816939216,5.0,10.0,2.0,entropy,,,,,,,
274,DecisionTree,,,,,DecisionTree,0.4030612244897959,0.2517976309642977,5.0,10.0,5.0,gini,,,,,,,
275,DecisionTree,,,,,DecisionTree,0.4030612244897959,0.22793654906583208,5.0,10.0,5.0,entropy,,,,,,,
276,DecisionTree,,,,,DecisionTree,0.3520408163265306,0.21318337322353387,10.0,2.0,1.0,gini,,,,,,,
277,DecisionTree,,,,,DecisionTree,0.34183673469387754,0.2457562024499144,10.0,2.0,1.0,entropy,,,,,,,
278,DecisionTree,,,,,DecisionTree,0.39285714285714285,0.2735187862298754,10.0,2.0,2.0,gini,,,,,,,
279,DecisionTree,,,,,DecisionTree,0.29081632653061223,0.1835496567018067,10.0,2.0,2.0,entropy,,,,,,,
280,DecisionTree,,,,,DecisionTree,0.32653061224489793,0.24959151078012232,10.0,2.0,5.0,gini,,,,,,,
281,DecisionTree,,,,,DecisionTree,0.3673469387755102,0.25916387673163005,10.0,2.0,5.0,entropy,,,,,,,
282,DecisionTree,,,,,DecisionTree,0.3877551020408163,0.2646578567631199,10.0,5.0,1.0,gini,,,,,,,
283,DecisionTree,,,,,DecisionTree,0.33163265306122447,0.25351649842601837,10.0,5.0,1.0,entropy,,,,,,,
284,DecisionTree,,,,,DecisionTree,0.27040816326530615,0.16006569484389938,10.0,5.0,2.0,gini,,,,,,,
285,DecisionTree,,,,,DecisionTree,0.32653061224489793,0.18367323882981998,10.0,5.0,2.0,entropy,,,,,,,
286,DecisionTree,,,,,DecisionTree,0.3622448979591837,0.22462948091975096,10.0,5.0,5.0,gini,,,,,,,
287,DecisionTree,,,,,DecisionTree,0.42346938775510207,0.23778223410576352,10.0,5.0,5.0,entropy,,,,,,,
288,DecisionTree,,,,,DecisionTree,0.3673469387755102,0.2412997619725957,10.0,10.0,1.0,gini,,,,,,,
289,DecisionTree,,,,,DecisionTree,0.32142857142857145,0.2251414915604075,10.0,10.0,1.0,entropy,,,,,,,
290,DecisionTree,,,,,DecisionTree,0.3877551020408163,0.2656128811789189,10.0,10.0,2.0,gini,,,,,,,
291,DecisionTree,,,,,DecisionTree,0.3163265306122449,0.22588528389922122,10.0,10.0,2.0,entropy,,,,,,,
292,DecisionTree,,,,,DecisionTree,0.35714285714285715,0.2055426855426855,10.0,10.0,5.0,gini,,,,,,,
293,DecisionTree,,,,,DecisionTree,0.37244897959183676,0.22496768313133808,10.0,10.0,5.0,entropy,,,,,,,
294,DecisionTree,,,,,DecisionTree,0.3112244897959184,0.20124777079351955,20.0,2.0,1.0,gini,,,,,,,
295,DecisionTree,,,,,DecisionTree,0.25510204081632654,0.16216251114218894,20.0,2.0,1.0,entropy,,,,,,,
296,DecisionTree,,,,,DecisionTree,0.32653061224489793,0.2315216133065959,20.0,2.0,2.0,gini,,,,,,,
297,DecisionTree,,,,,DecisionTree,0.2857142857142857,0.2443980895874575,20.0,2.0,2.0,entropy,,,,,,,
298,DecisionTree,,,,,DecisionTree,0.3163265306122449,0.2462515414609469,20.0,2.0,5.0,gini,,,,,,,
299,DecisionTree,,,,,DecisionTree,0.28061224489795916,0.16674775782935178,20.0,2.0,5.0,entropy,,,,,,,
300,DecisionTree,,,,,DecisionTree,0.32653061224489793,0.2968218672599773,20.0,5.0,1.0,gini,,,,,,,
301,DecisionTree,,,,,DecisionTree,0.3163265306122449,0.24722954979252657,20.0,5.0,1.0,entropy,,,,,,,
302,DecisionTree,,,,,DecisionTree,0.30612244897959184,0.19044219047703712,20.0,5.0,2.0,gini,,,,,,,
303,DecisionTree,,,,,DecisionTree,0.2857142857142857,0.22069711344826157,20.0,5.0,2.0,entropy,,,,,,,
304,DecisionTree,,,,,DecisionTree,0.33163265306122447,0.21773246616186206,20.0,5.0,5.0,gini,,,,,,,
305,DecisionTree,,,,,DecisionTree,0.35714285714285715,0.20193985215592578,20.0,5.0,5.0,entropy,,,,,,,
306,DecisionTree,,,,,DecisionTree,0.336734693877551,0.25270778777090136,20.0,10.0,1.0,gini,,,,,,,
307,DecisionTree,,,,,DecisionTree,0.32142857142857145,0.2174943340098161,20.0,10.0,1.0,entropy,,,,,,,
308,DecisionTree,,,,,DecisionTree,0.3469387755102041,0.2917564352152282,20.0,10.0,2.0,gini,,,,,,,
309,DecisionTree,,,,,DecisionTree,0.30612244897959184,0.21419092432300657,20.0,10.0,2.0,entropy,,,,,,,
310,DecisionTree,,,,,DecisionTree,0.35714285714285715,0.27266904431083533,20.0,10.0,5.0,gini,,,,,,,
311,DecisionTree,,,,,DecisionTree,0.3163265306122449,0.2487399654187313,20.0,10.0,5.0,entropy,,,,,,,
312,DecisionTree,,,,,DecisionTree,0.336734693877551,0.2510088802223802,50.0,2.0,1.0,gini,,,,,,,
313,DecisionTree,,,,,DecisionTree,0.3163265306122449,0.19623893918863433,50.0,2.0,1.0,entropy,,,,,,,
314,DecisionTree,,,,,DecisionTree,0.336734693877551,0.25716939885296886,50.0,2.0,2.0,gini,,,,,,,
315,DecisionTree,,,,,DecisionTree,0.2755102040816326,0.22566425120772945,50.0,2.0,2.0,entropy,,,,,,,
316,DecisionTree,,,,,DecisionTree,0.3622448979591837,0.2243343825824644,50.0,2.0,5.0,gini,,,,,,,
317,DecisionTree,,,,,DecisionTree,0.2755102040816326,0.19812676165448032,50.0,2.0,5.0,entropy,,,,,,,
318,DecisionTree,,,,,DecisionTree,0.3010204081632653,0.21850572166851234,50.0,5.0,1.0,gini,,,,,,,
319,DecisionTree,,,,,DecisionTree,0.29591836734693877,0.2065738361597774,50.0,5.0,1.0,entropy,,,,,,,
320,DecisionTree,,,,,DecisionTree,0.32653061224489793,0.20502645502645503,50.0,5.0,2.0,gini,,,,,,,
321,DecisionTree,,,,,DecisionTree,0.29591836734693877,0.19240200989133205,50.0,5.0,2.0,entropy,,,,,,,
322,DecisionTree,,,,,DecisionTree,0.29081632653061223,0.215488493762141,50.0,5.0,5.0,gini,,,,,,,
323,DecisionTree,,,,,DecisionTree,0.3163265306122449,0.2795964517179469,50.0,5.0,5.0,entropy,,,,,,,
324,DecisionTree,,,,,DecisionTree,0.3163265306122449,0.19353945947653198,50.0,10.0,1.0,gini,,,,,,,
325,DecisionTree,,,,,DecisionTree,0.40816326530612246,0.2851851851851852,50.0,10.0,1.0,entropy,,,,,,,
326,DecisionTree,,,,,DecisionTree,0.3010204081632653,0.1951928454275872,50.0,10.0,2.0,gini,,,,,,,
327,DecisionTree,,,,,DecisionTree,0.336734693877551,0.21984126984126984,50.0,10.0,2.0,entropy,,,,,,,
328,DecisionTree,,,,,DecisionTree,0.34183673469387754,0.22847932499717424,50.0,10.0,5.0,gini,,,,,,,
329,DecisionTree,,,,,DecisionTree,0.3163265306122449,0.20649482275813535,50.0,10.0,5.0,entropy,,,,,,,
330,RandomForest,,,,,RandomForest,0.37244897959183676,0.22342502683125054,,2.0,1.0,,100.0,sqrt,,,,,
331,RandomForest,,,,,RandomForest,0.3979591836734694,0.24512698770689875,,2.0,1.0,,100.0,log2,,,,,
332,RandomForest,,,,,RandomForest,0.35714285714285715,0.2276401580568177,,2.0,1.0,,100.0,,,,,,
333,RandomForest,,,,,RandomForest,0.4030612244897959,0.2269687091711825,,2.0,2.0,,100.0,sqrt,,,,,
334,RandomForest,,,,,RandomForest,0.4030612244897959,0.2086485808451416,,2.0,2.0,,100.0,log2,,,,,
335,RandomForest,,,,,RandomForest,0.3622448979591837,0.20622557017816243,,2.0,2.0,,100.0,,,,,,
336,RandomForest,,,,,RandomForest,0.413265306122449,0.20428972116812405,,2.0,5.0,,100.0,sqrt,,,,,
337,RandomForest,,,,,RandomForest,0.41836734693877553,0.18504093832257776,,2.0,5.0,,100.0,log2,,,,,
338,RandomForest,,,,,RandomForest,0.3469387755102041,0.18727706410431424,,2.0,5.0,,100.0,,,,,,
339,RandomForest,,,,,RandomForest,0.40816326530612246,0.3038853839408104,,5.0,1.0,,100.0,sqrt,,,,,
340,RandomForest,,,,,RandomForest,0.4030612244897959,0.23924893602859706,,5.0,1.0,,100.0,log2,,,,,
341,RandomForest,,,,,RandomForest,0.3520408163265306,0.21365226857217703,,5.0,1.0,,100.0,,,,,,
342,RandomForest,,,,,RandomForest,0.3622448979591837,0.1988649162562206,,5.0,2.0,,100.0,sqrt,,,,,
343,RandomForest,,,,,RandomForest,0.4489795918367347,0.23344189098848797,,5.0,2.0,,100.0,log2,,,,,
344,RandomForest,,,,,RandomForest,0.37755102040816324,0.22517204372705754,,5.0,2.0,,100.0,,,,,,
345,RandomForest,,,,,RandomForest,0.413265306122449,0.21338501368590598,,5.0,5.0,,100.0,sqrt,,,,,
346,RandomForest,,,,,RandomForest,0.3877551020408163,0.17607127503839679,,5.0,5.0,,100.0,log2,,,,,
347,RandomForest,,,,,RandomForest,0.37244897959183676,0.21056309155399147,,5.0,5.0,,100.0,,,,,,
348,RandomForest,,,,,RandomForest,0.39285714285714285,0.2207902027241112,,10.0,1.0,,100.0,sqrt,,,,,
349,RandomForest,,,,,RandomForest,0.39285714285714285,0.23896136092063447,,10.0,1.0,,100.0,log2,,,,,
350,RandomForest,,,,,RandomForest,0.37244897959183676,0.21959846343407988,,10.0,1.0,,100.0,,,,,,
351,RandomForest,,,,,RandomForest,0.42346938775510207,0.20939323168924687,,10.0,2.0,,100.0,sqrt,,,,,
352,RandomForest,,,,,RandomForest,0.4030612244897959,0.21507124417922538,,10.0,2.0,,100.0,log2,,,,,
353,RandomForest,,,,,RandomForest,0.3877551020408163,0.22624102892386574,,10.0,2.0,,100.0,,,,,,
354,RandomForest,,,,,RandomForest,0.3877551020408163,0.20583401721271807,,10.0,5.0,,100.0,sqrt,,,,,
355,RandomForest,,,,,RandomForest,0.42346938775510207,0.19437397362253758,,10.0,5.0,,100.0,log2,,,,,
356,RandomForest,,,,,RandomForest,0.3673469387755102,0.2013354472877675,,10.0,5.0,,100.0,,,,,,
357,RandomForest,,,,,RandomForest,0.3826530612244898,0.1939463601532567,10.0,2.0,1.0,,100.0,sqrt,,,,,
358,RandomForest,,,,,RandomForest,0.37244897959183676,0.20097682138123316,10.0,2.0,1.0,,100.0,log2,,,,,
359,RandomForest,,,,,RandomForest,0.3877551020408163,0.23957671957671955,10.0,2.0,1.0,,100.0,,,,,,
360,RandomForest,,,,,RandomForest,0.3673469387755102,0.18806743485554608,10.0,2.0,2.0,,100.0,sqrt,,,,,
361,RandomForest,,,,,RandomForest,0.42857142857142855,0.253234483703512,10.0,2.0,2.0,,100.0,log2,,,,,
362,RandomForest,,,,,RandomForest,0.35714285714285715,0.20472322152633074,10.0,2.0,2.0,,100.0,,,,,,
363,RandomForest,,,,,RandomForest,0.3826530612244898,0.16980929358044586,10.0,2.0,5.0,,100.0,sqrt,,,,,
364,RandomForest,,,,,RandomForest,0.40816326530612246,0.204509139222515,10.0,2.0,5.0,,100.0,log2,,,,,
365,RandomForest,,,,,RandomForest,0.42857142857142855,0.27378735913767765,10.0,2.0,5.0,,100.0,,,,,,
366,RandomForest,,,,,RandomForest,0.37244897959183676,0.18207181121163493,10.0,5.0,1.0,,100.0,sqrt,,,,,
367,RandomForest,,,,,RandomForest,0.3979591836734694,0.2404850055534987,10.0,5.0,1.0,,100.0,log2,,,,,
368,RandomForest,,,,,RandomForest,0.336734693877551,0.2069473777492616,10.0,5.0,1.0,,100.0,,,,,,
369,RandomForest,,,,,RandomForest,0.3520408163265306,0.20190741384315927,10.0,5.0,2.0,,100.0,sqrt,,,,,
370,RandomForest,,,,,RandomForest,0.37755102040816324,0.19917330082138993,10.0,5.0,2.0,,100.0,log2,,,,,
371,RandomForest,,,,,RandomForest,0.33163265306122447,0.1758925758925759,10.0,5.0,2.0,,100.0,,,,,,
372,RandomForest,,,,,RandomForest,0.336734693877551,0.15121763410987166,10.0,5.0,5.0,,100.0,sqrt,,,,,
373,RandomForest,,,,,RandomForest,0.44387755102040816,0.2616450769886378,10.0,5.0,5.0,,100.0,log2,,,,,
374,RandomForest,,,,,RandomForest,0.33163265306122447,0.17499480003188914,10.0,5.0,5.0,,100.0,,,,,,
375,RandomForest,,,,,RandomForest,0.45918367346938777,0.2309237509321402,10.0,10.0,1.0,,100.0,sqrt,,,,,
376,RandomForest,,,,,RandomForest,0.41836734693877553,0.20328451072510287,10.0,10.0,1.0,,100.0,log2,,,,,
377,RandomForest,,,,,RandomForest,0.3112244897959184,0.19028538300061482,10.0,10.0,1.0,,100.0,,,,,,
378,RandomForest,,,,,RandomForest,0.3622448979591837,0.19453642300625437,10.0,10.0,2.0,,100.0,sqrt,,,,,
379,RandomForest,,,,,RandomForest,0.45408163265306123,0.22533375939341668,10.0,10.0,2.0,,100.0,log2,,,,,
380,RandomForest,,,,,RandomForest,0.41836734693877553,0.23757117256216587,10.0,10.0,2.0,,100.0,,,,,,
381,RandomForest,,,,,RandomForest,0.42857142857142855,0.20548195726838844,10.0,10.0,5.0,,100.0,sqrt,,,,,
382,RandomForest,,,,,RandomForest,0.4744897959183674,0.2912518853695324,10.0,10.0,5.0,,100.0,log2,,,,,
383,RandomForest,,,,,RandomForest,0.3673469387755102,0.20909457857494954,10.0,10.0,5.0,,100.0,,,,,,
384,RandomForest,,,,,RandomForest,0.336734693877551,0.2408940548130077,20.0,2.0,1.0,,100.0,sqrt,,,,,
385,RandomForest,,,,,RandomForest,0.32653061224489793,0.2049935626935295,20.0,2.0,1.0,,100.0,log2,,,,,
386,RandomForest,,,,,RandomForest,0.37244897959183676,0.20986729320062655,20.0,2.0,1.0,,100.0,,,,,,
387,RandomForest,,,,,RandomForest,0.37755102040816324,0.22450980392156863,20.0,2.0,2.0,,100.0,sqrt,,,,,
388,RandomForest,,,,,RandomForest,0.39285714285714285,0.21902086305071378,20.0,2.0,2.0,,100.0,log2,,,,,
389,RandomForest,,,,,RandomForest,0.33163265306122447,0.17268189327012853,20.0,2.0,2.0,,100.0,,,,,,
390,RandomForest,,,,,RandomForest,0.37755102040816324,0.17127753096866702,20.0,2.0,5.0,,100.0,sqrt,,,,,
391,RandomForest,,,,,RandomForest,0.3520408163265306,0.17131022454763464,20.0,2.0,5.0,,100.0,log2,,,,,
392,RandomForest,,,,,RandomForest,0.413265306122449,0.26529448041936476,20.0,2.0,5.0,,100.0,,,,,,
393,RandomForest,,,,,RandomForest,0.3979591836734694,0.22677587127215001,20.0,5.0,1.0,,100.0,sqrt,,,,,
394,RandomForest,,,,,RandomForest,0.37755102040816324,0.21851895047853317,20.0,5.0,1.0,,100.0,log2,,,,,
395,RandomForest,,,,,RandomForest,0.3469387755102041,0.19525502946555576,20.0,5.0,1.0,,100.0,,,,,,
396,RandomForest,,,,,RandomForest,0.40816326530612246,0.21824716102885114,20.0,5.0,2.0,,100.0,sqrt,,,,,
397,RandomForest,,,,,RandomForest,0.35714285714285715,0.1839613424226331,20.0,5.0,2.0,,100.0,log2,,,,,
398,RandomForest,,,,,RandomForest,0.32142857142857145,0.22121893433657597,20.0,5.0,2.0,,100.0,,,,,,
399,RandomForest,,,,,RandomForest,0.4387755102040816,0.21714585077935689,20.0,5.0,5.0,,100.0,sqrt,,,,,
400,RandomForest,,,,,RandomForest,0.37244897959183676,0.1730608998737647,20.0,5.0,5.0,,100.0,log2,,,,,
401,RandomForest,,,,,RandomForest,0.41836734693877553,0.20939868439868436,20.0,5.0,5.0,,100.0,,,,,,
402,RandomForest,,,,,RandomForest,0.3520408163265306,0.22161545215100964,20.0,10.0,1.0,,100.0,sqrt,,,,,
403,RandomForest,,,,,RandomForest,0.34183673469387754,0.1863197070340712,20.0,10.0,1.0,,100.0,log2,,,,,
404,RandomForest,,,,,RandomForest,0.34183673469387754,0.20513194294605627,20.0,10.0,1.0,,100.0,,,,,,
405,RandomForest,,,,,RandomForest,0.37244897959183676,0.18287493968504628,20.0,10.0,2.0,,100.0,sqrt,,,,,
406,RandomForest,,,,,RandomForest,0.39285714285714285,0.21387657079344916,20.0,10.0,2.0,,100.0,log2,,,,,
407,RandomForest,,,,,RandomForest,0.37755102040816324,0.2407975975975976,20.0,10.0,2.0,,100.0,,,,,,
408,RandomForest,,,,,RandomForest,0.3673469387755102,0.16638654888055368,20.0,10.0,5.0,,100.0,sqrt,,,,,
409,RandomForest,,,,,RandomForest,0.3979591836734694,0.1754657174336808,20.0,10.0,5.0,,100.0,log2,,,,,
410,RandomForest,,,,,RandomForest,0.4030612244897959,0.21324263038548752,20.0,10.0,5.0,,100.0,,,,,,
411,RandomForest,,,,,RandomForest,0.34183673469387754,0.19654600301659128,50.0,2.0,1.0,,100.0,sqrt,,,,,
412,RandomForest,,,,,RandomForest,0.3826530612244898,0.24159956846722952,50.0,2.0,1.0,,100.0,log2,,,,,
413,RandomForest,,,,,RandomForest,0.3622448979591837,0.21937524827329927,50.0,2.0,1.0,,100.0,,,,,,
414,RandomForest,,,,,RandomForest,0.42857142857142855,0.23475533334688262,50.0,2.0,2.0,,100.0,sqrt,,,,,
415,RandomForest,,,,,RandomForest,0.413265306122449,0.20367051154162255,50.0,2.0,2.0,,100.0,log2,,,,,
416,RandomForest,,,,,RandomForest,0.336734693877551,0.2059557382317926,50.0,2.0,2.0,,100.0,,,,,,
417,RandomForest,,,,,RandomForest,0.4387755102040816,0.24155311459229117,50.0,2.0,5.0,,100.0,sqrt,,,,,
418,RandomForest,,,,,RandomForest,0.3877551020408163,0.1969069022878498,50.0,2.0,5.0,,100.0,log2,,,,,
419,RandomForest,,,,,RandomForest,0.40816326530612246,0.2793375901343657,50.0,2.0,5.0,,100.0,,,,,,
420,RandomForest,,,,,RandomForest,0.39285714285714285,0.26882025261077575,50.0,5.0,1.0,,100.0,sqrt,,,,,
421,RandomForest,,,,,RandomForest,0.44387755102040816,0.2682237539492566,50.0,5.0,1.0,,100.0,log2,,,,,
422,RandomForest,,,,,RandomForest,0.32142857142857145,0.19540089540089542,50.0,5.0,1.0,,100.0,,,,,,
423,RandomForest,,,,,RandomForest,0.37244897959183676,0.18345406065747238,50.0,5.0,2.0,,100.0,sqrt,,,,,
424,RandomForest,,,,,RandomForest,0.3979591836734694,0.2716941740725067,50.0,5.0,2.0,,100.0,log2,,,,,
425,RandomForest,,,,,RandomForest,0.3469387755102041,0.21771346127103322,50.0,5.0,2.0,,100.0,,,,,,
426,RandomForest,,,,,RandomForest,0.3877551020408163,0.18578199798437892,50.0,5.0,5.0,,100.0,sqrt,,,,,
427,RandomForest,,,,,RandomForest,0.3979591836734694,0.1879225238199597,50.0,5.0,5.0,,100.0,log2,,,,,
428,RandomForest,,,,,RandomForest,0.3877551020408163,0.22152528188729048,50.0,5.0,5.0,,100.0,,,,,,
429,RandomForest,,,,,RandomForest,0.37244897959183676,0.23105038077115517,50.0,10.0,1.0,,100.0,sqrt,,,,,
430,RandomForest,,,,,RandomForest,0.42857142857142855,0.2605466161009345,50.0,10.0,1.0,,100.0,log2,,,,,
431,RandomForest,,,,,RandomForest,0.3673469387755102,0.2073296505086765,50.0,10.0,1.0,,100.0,,,,,,
432,RandomForest,,,,,RandomForest,0.42346938775510207,0.21446963790425658,50.0,10.0,2.0,,100.0,sqrt,,,,,
433,RandomForest,,,,,RandomForest,0.37244897959183676,0.1883915273496032,50.0,10.0,2.0,,100.0,log2,,,,,
434,RandomForest,,,,,RandomForest,0.40816326530612246,0.24089994920564492,50.0,10.0,2.0,,100.0,,,,,,
435,RandomForest,,,,,RandomForest,0.41836734693877553,0.19754423979776092,50.0,10.0,5.0,,100.0,sqrt,,,,,
436,RandomForest,,,,,RandomForest,0.4489795918367347,0.26485553470919326,50.0,10.0,5.0,,100.0,log2,,,,,
437,RandomForest,,,,,RandomForest,0.336734693877551,0.19737375794300235,50.0,10.0,5.0,,100.0,,,,,,
438,RandomForest,,,,,RandomForest,0.3520408163265306,0.2192543281788133,,2.0,1.0,,300.0,sqrt,,,,,
439,RandomForest,,,,,RandomForest,0.3520408163265306,0.2592688486081543,,2.0,1.0,,300.0,log2,,,,,
440,RandomForest,,,,,RandomForest,0.32653061224489793,0.1864363577183256,,2.0,1.0,,300.0,,,,,,
441,RandomForest,,,,,RandomForest,0.42857142857142855,0.24404327469701256,,2.0,2.0,,300.0,sqrt,,,,,
442,RandomForest,,,,,RandomForest,0.35714285714285715,0.17757158854583266,,2.0,2.0,,300.0,log2,,,,,
443,RandomForest,,,,,RandomForest,0.3979591836734694,0.24531904367034363,,2.0,2.0,,300.0,,,,,,
444,RandomForest,,,,,RandomForest,0.3622448979591837,0.1770493332947224,,2.0,5.0,,300.0,sqrt,,,,,
445,RandomForest,,,,,RandomForest,0.33163265306122447,0.14789041299579941,,2.0,5.0,,300.0,log2,,,,,
446,RandomForest,,,,,RandomForest,0.4030612244897959,0.22733554443507256,,2.0,5.0,,300.0,,,,,,
447,RandomForest,,,,,RandomForest,0.39285714285714285,0.257124129897535,,5.0,1.0,,300.0,sqrt,,,,,
448,RandomForest,,,,,RandomForest,0.3469387755102041,0.22853258321612752,,5.0,1.0,,300.0,log2,,,,,
449,RandomForest,,,,,RandomForest,0.3673469387755102,0.209633733589359,,5.0,1.0,,300.0,,,,,,
450,RandomForest,,,,,RandomForest,0.3520408163265306,0.20476510666150963,,5.0,2.0,,300.0,sqrt,,,,,
451,RandomForest,,,,,RandomForest,0.4489795918367347,0.24172393332229394,,5.0,2.0,,300.0,log2,,,,,
452,RandomForest,,,,,RandomForest,0.3979591836734694,0.22748314023568628,,5.0,2.0,,300.0,,,,,,
453,RandomForest,,,,,RandomForest,0.42857142857142855,0.20591342984747382,,5.0,5.0,,300.0,sqrt,,,,,
454,RandomForest,,,,,RandomForest,0.42346938775510207,0.20294380214596985,,5.0,5.0,,300.0,log2,,,,,
455,RandomForest,,,,,RandomForest,0.37755102040816324,0.2526425262308687,,5.0,5.0,,300.0,,,,,,
456,RandomForest,,,,,RandomForest,0.336734693877551,0.18626930667371844,,10.0,1.0,,300.0,sqrt,,,,,
457,RandomForest,,,,,RandomForest,0.3826530612244898,0.19749470387768261,,10.0,1.0,,300.0,log2,,,,,
458,RandomForest,,,,,RandomForest,0.37755102040816324,0.20980803457920164,,10.0,1.0,,300.0,,,,,,
459,RandomForest,,,,,RandomForest,0.3520408163265306,0.16757048388374118,,10.0,2.0,,300.0,sqrt,,,,,
460,RandomForest,,,,,RandomForest,0.3826530612244898,0.192457324810266,,10.0,2.0,,300.0,log2,,,,,
461,RandomForest,,,,,RandomForest,0.336734693877551,0.19254917465651875,,10.0,2.0,,300.0,,,,,,
462,RandomForest,,,,,RandomForest,0.42346938775510207,0.20964472976856877,,10.0,5.0,,300.0,sqrt,,,,,
463,RandomForest,,,,,RandomForest,0.44387755102040816,0.21175028343364888,,10.0,5.0,,300.0,log2,,,,,
464,RandomForest,,,,,RandomForest,0.3520408163265306,0.21951633792372327,,10.0,5.0,,300.0,,,,,,
465,RandomForest,,,,,RandomForest,0.3979591836734694,0.21266149129683806,10.0,2.0,1.0,,300.0,sqrt,,,,,
466,RandomForest,,,,,RandomForest,0.37755102040816324,0.1853233830845771,10.0,2.0,1.0,,300.0,log2,,,,,
467,RandomForest,,,,,RandomForest,0.37755102040816324,0.19899414311179017,10.0,2.0,1.0,,300.0,,,,,,
468,RandomForest,,,,,RandomForest,0.413265306122449,0.24876848985208116,10.0,2.0,2.0,,300.0,sqrt,,,,,
469,RandomForest,,,,,RandomForest,0.42857142857142855,0.21535818713450292,10.0,2.0,2.0,,300.0,log2,,,,,
470,RandomForest,,,,,RandomForest,0.3877551020408163,0.2461249179571781,10.0,2.0,2.0,,300.0,,,,,,
471,RandomForest,,,,,RandomForest,0.3622448979591837,0.2060781667592813,10.0,2.0,5.0,,300.0,sqrt,,,,,
472,RandomForest,,,,,RandomForest,0.3673469387755102,0.20784513499745289,10.0,2.0,5.0,,300.0,log2,,,,,
473,RandomForest,,,,,RandomForest,0.41836734693877553,0.23864002539706397,10.0,2.0,5.0,,300.0,,,,,,
474,RandomForest,,,,,RandomForest,0.4030612244897959,0.2177154380995189,10.0,5.0,1.0,,300.0,sqrt,,,,,
475,RandomForest,,,,,RandomForest,0.42346938775510207,0.27891937873881784,10.0,5.0,1.0,,300.0,log2,,,,,
476,RandomForest,,,,,RandomForest,0.32142857142857145,0.16641975308641976,10.0,5.0,1.0,,300.0,,,,,,
477,RandomForest,,,,,RandomForest,0.3826530612244898,0.25601814321559546,10.0,5.0,2.0,,300.0,sqrt,,,,,
478,RandomForest,,,,,RandomForest,0.41836734693877553,0.22050968952118785,10.0,5.0,2.0,,300.0,log2,,,,,
479,RandomForest,,,,,RandomForest,0.41836734693877553,0.23207244105900324,10.0,5.0,2.0,,300.0,,,,,,
480,RandomForest,,,,,RandomForest,0.3979591836734694,0.19500643857439315,10.0,5.0,5.0,,300.0,sqrt,,,,,
481,RandomForest,,,,,RandomForest,0.35714285714285715,0.1765996650688063,10.0,5.0,5.0,,300.0,log2,,,,,
482,RandomForest,,,,,RandomForest,0.4030612244897959,0.211597573016986,10.0,5.0,5.0,,300.0,,,,,,
483,RandomForest,,,,,RandomForest,0.42346938775510207,0.21200154858691445,10.0,10.0,1.0,,300.0,sqrt,,,,,
484,RandomForest,,,,,RandomForest,0.39285714285714285,0.21172998378460875,10.0,10.0,1.0,,300.0,log2,,,,,
485,RandomForest,,,,,RandomForest,0.3979591836734694,0.20693286699698824,10.0,10.0,1.0,,300.0,,,,,,
486,RandomForest,,,,,RandomForest,0.37244897959183676,0.18564527260179434,10.0,10.0,2.0,,300.0,sqrt,,,,,
487,RandomForest,,,,,RandomForest,0.4030612244897959,0.19896723646723646,10.0,10.0,2.0,,300.0,log2,,,,,
488,RandomForest,,,,,RandomForest,0.3979591836734694,0.22231319055845478,10.0,10.0,2.0,,300.0,,,,,,
489,RandomForest,,,,,RandomForest,0.3979591836734694,0.18425296429268623,10.0,10.0,5.0,,300.0,sqrt,,,,,
490,RandomForest,,,,,RandomForest,0.3877551020408163,0.16953046953046955,10.0,10.0,5.0,,300.0,log2,,,,,
491,RandomForest,,,,,RandomForest,0.3673469387755102,0.2075783458344338,10.0,10.0,5.0,,300.0,,,,,,
492,RandomForest,,,,,RandomForest,0.3469387755102041,0.23271771112426362,20.0,2.0,1.0,,300.0,sqrt,,,,,
493,RandomForest,,,,,RandomForest,0.3826530612244898,0.24355892925160924,20.0,2.0,1.0,,300.0,log2,,,,,
494,RandomForest,,,,,RandomForest,0.3520408163265306,0.23012718358959616,20.0,2.0,1.0,,300.0,,,,,,
495,RandomForest,,,,,RandomForest,0.3622448979591837,0.23944085416363237,20.0,2.0,2.0,,300.0,sqrt,,,,,
496,RandomForest,,,,,RandomForest,0.3469387755102041,0.17968929204462517,20.0,2.0,2.0,,300.0,log2,,,,,
497,RandomForest,,,,,RandomForest,0.37244897959183676,0.22437040084098905,20.0,2.0,2.0,,300.0,,,,,,
498,RandomForest,,,,,RandomForest,0.3469387755102041,0.1676292157278804,20.0,2.0,5.0,,300.0,sqrt,,,,,
499,RandomForest,,,,,RandomForest,0.44387755102040816,0.21498317447784485,20.0,2.0,5.0,,300.0,log2,,,,,
500,RandomForest,,,,,RandomForest,0.3979591836734694,0.2215920479750267,20.0,2.0,5.0,,300.0,,,,,,
501,RandomForest,,,,,RandomForest,0.3877551020408163,0.23559945171563312,20.0,5.0,1.0,,300.0,sqrt,,,,,
502,RandomForest,,,,,RandomForest,0.42346938775510207,0.2615662982555576,20.0,5.0,1.0,,300.0,log2,,,,,
503,RandomForest,,,,,RandomForest,0.30612244897959184,0.17008818920306742,20.0,5.0,1.0,,300.0,,,,,,
504,RandomForest,,,,,RandomForest,0.3979591836734694,0.2057111823445762,20.0,5.0,2.0,,300.0,sqrt,,,,,
505,RandomForest,,,,,RandomForest,0.37755102040816324,0.21134781871428113,20.0,5.0,2.0,,300.0,log2,,,,,
506,RandomForest,,,,,RandomForest,0.32653061224489793,0.20647874402321612,20.0,5.0,2.0,,300.0,,,,,,
507,RandomForest,,,,,RandomForest,0.42857142857142855,0.2477649828682665,20.0,5.0,5.0,,300.0,sqrt,,,,,
508,RandomForest,,,,,RandomForest,0.3979591836734694,0.19060024197010497,20.0,5.0,5.0,,300.0,log2,,,,,
509,RandomForest,,,,,RandomForest,0.40816326530612246,0.2729277739804056,20.0,5.0,5.0,,300.0,,,,,,
510,RandomForest,,,,,RandomForest,0.3877551020408163,0.26118990061778136,20.0,10.0,1.0,,300.0,sqrt,,,,,
511,RandomForest,,,,,RandomForest,0.4489795918367347,0.24374426915761882,20.0,10.0,1.0,,300.0,log2,,,,,
512,RandomForest,,,,,RandomForest,0.45408163265306123,0.25146754147971667,20.0,10.0,1.0,,300.0,,,,,,
513,RandomForest,,,,,RandomForest,0.37244897959183676,0.1839003792307907,20.0,10.0,2.0,,300.0,sqrt,,,,,
514,RandomForest,,,,,RandomForest,0.3826530612244898,0.1887510230676933,20.0,10.0,2.0,,300.0,log2,,,,,
515,RandomForest,,,,,RandomForest,0.33163265306122447,0.20057971014492756,20.0,10.0,2.0,,300.0,,,,,,
516,RandomForest,,,,,RandomForest,0.40816326530612246,0.19905780649224658,20.0,10.0,5.0,,300.0,sqrt,,,,,
517,RandomForest,,,,,RandomForest,0.336734693877551,0.15378722008038717,20.0,10.0,5.0,,300.0,log2,,,,,
518,RandomForest,,,,,RandomForest,0.3826530612244898,0.20018045421911237,20.0,10.0,5.0,,300.0,,,,,,
519,RandomForest,,,,,RandomForest,0.3469387755102041,0.19972976506059756,50.0,2.0,1.0,,300.0,sqrt,,,,,
520,RandomForest,,,,,RandomForest,0.4387755102040816,0.29333990241501845,50.0,2.0,1.0,,300.0,log2,,,,,
521,RandomForest,,,,,RandomForest,0.3469387755102041,0.2289756072364768,50.0,2.0,1.0,,300.0,,,,,,
522,RandomForest,,,,,RandomForest,0.42857142857142855,0.2577532355478861,50.0,2.0,2.0,,300.0,sqrt,,,,,
523,RandomForest,,,,,RandomForest,0.4030612244897959,0.26765901648814855,50.0,2.0,2.0,,300.0,log2,,,,,
524,RandomForest,,,,,RandomForest,0.29591836734693877,0.21962098322974793,50.0,2.0,2.0,,300.0,,,,,,
525,RandomForest,,,,,RandomForest,0.45408163265306123,0.20933734939759033,50.0,2.0,5.0,,300.0,sqrt,,,,,
526,RandomForest,,,,,RandomForest,0.37244897959183676,0.19107093514388346,50.0,2.0,5.0,,300.0,log2,,,,,
527,RandomForest,,,,,RandomForest,0.3826530612244898,0.21543955101340587,50.0,2.0,5.0,,300.0,,,,,,
528,RandomForest,,,,,RandomForest,0.3673469387755102,0.24578174938883732,50.0,5.0,1.0,,300.0,sqrt,,,,,
529,RandomForest,,,,,RandomForest,0.3877551020408163,0.22237336525952692,50.0,5.0,1.0,,300.0,log2,,,,,
530,RandomForest,,,,,RandomForest,0.3520408163265306,0.22401221966439355,50.0,5.0,1.0,,300.0,,,,,,
531,RandomForest,,,,,RandomForest,0.44387755102040816,0.24444966910484153,50.0,5.0,2.0,,300.0,sqrt,,,,,
532,RandomForest,,,,,RandomForest,0.3877551020408163,0.26022178734507506,50.0,5.0,2.0,,300.0,log2,,,,,
533,RandomForest,,,,,RandomForest,0.34183673469387754,0.17835742816512837,50.0,5.0,2.0,,300.0,,,,,,
534,RandomForest,,,,,RandomForest,0.4489795918367347,0.22877133807741354,50.0,5.0,5.0,,300.0,sqrt,,,,,
535,RandomForest,,,,,RandomForest,0.3877551020408163,0.226531447858289,50.0,5.0,5.0,,300.0,log2,,,,,
536,RandomForest,,,,,RandomForest,0.3979591836734694,0.2357172557172557,50.0,5.0,5.0,,300.0,,,,,,
537,RandomForest,,,,,RandomForest,0.4030612244897959,0.22760597429442356,50.0,10.0,1.0,,300.0,sqrt,,,,,
538,RandomForest,,,,,RandomForest,0.4642857142857143,0.3051970956732862,50.0,10.0,1.0,,300.0,log2,,,,,
539,RandomForest,,,,,RandomForest,0.41836734693877553,0.2636054421768707,50.0,10.0,1.0,,300.0,,,,,,
540,RandomForest,,,,,RandomForest,0.3826530612244898,0.193006993006993,50.0,10.0,2.0,,300.0,sqrt,,,,,
541,RandomForest,,,,,RandomForest,0.42346938775510207,0.2488152866242038,50.0,10.0,2.0,,300.0,log2,,,,,
542,RandomForest,,,,,RandomForest,0.336734693877551,0.20804021744241433,50.0,10.0,2.0,,300.0,,,,,,
543,RandomForest,,,,,RandomForest,0.3622448979591837,0.1544784580498866,50.0,10.0,5.0,,300.0,sqrt,,,,,
544,RandomForest,,,,,RandomForest,0.3877551020408163,0.18923115662246096,50.0,10.0,5.0,,300.0,log2,,,,,
545,RandomForest,,,,,RandomForest,0.3673469387755102,0.19475407968558653,50.0,10.0,5.0,,300.0,,,,,,
546,RandomForest,,,,,RandomForest,0.33163265306122447,0.19939814691084853,,2.0,1.0,,500.0,sqrt,,,,,
547,RandomForest,,,,,RandomForest,0.32653061224489793,0.18493398654966586,,2.0,1.0,,500.0,log2,,,,,
548,RandomForest,,,,,RandomForest,0.29591836734693877,0.19984275482579175,,2.0,1.0,,500.0,,,,,,
549,RandomForest,,,,,RandomForest,0.3469387755102041,0.22471606824548002,,2.0,2.0,,500.0,sqrt,,,,,
550,RandomForest,,,,,RandomForest,0.35714285714285715,0.17900451678647167,,2.0,2.0,,500.0,log2,,,,,
551,RandomForest,,,,,RandomForest,0.336734693877551,0.2178241231604394,,2.0,2.0,,500.0,,,,,,
552,RandomForest,,,,,RandomForest,0.413265306122449,0.20001007774449467,,2.0,5.0,,500.0,sqrt,,,,,
553,RandomForest,,,,,RandomForest,0.3979591836734694,0.18770845891099056,,2.0,5.0,,500.0,log2,,,,,
554,RandomForest,,,,,RandomForest,0.39285714285714285,0.26097441962942725,,2.0,5.0,,500.0,,,,,,
555,RandomForest,,,,,RandomForest,0.37244897959183676,0.20694194895941578,,5.0,1.0,,500.0,sqrt,,,,,
556,RandomForest,,,,,RandomForest,0.37755102040816324,0.2511179910560716,,5.0,1.0,,500.0,log2,,,,,
557,RandomForest,,,,,RandomForest,0.30612244897959184,0.21677310048462062,,5.0,1.0,,500.0,,,,,,
558,RandomForest,,,,,RandomForest,0.37244897959183676,0.19660795825179386,,5.0,2.0,,500.0,sqrt,,,,,
559,RandomForest,,,,,RandomForest,0.3979591836734694,0.2065221113120892,,5.0,2.0,,500.0,log2,,,,,
560,RandomForest,,,,,RandomForest,0.37244897959183676,0.216604650735463,,5.0,2.0,,500.0,,,,,,
561,RandomForest,,,,,RandomForest,0.42857142857142855,0.2129795491864457,,5.0,5.0,,500.0,sqrt,,,,,
562,RandomForest,,,,,RandomForest,0.413265306122449,0.1976931695145324,,5.0,5.0,,500.0,log2,,,,,
563,RandomForest,,,,,RandomForest,0.35714285714285715,0.21104009118607658,,5.0,5.0,,500.0,,,,,,
564,RandomForest,,,,,RandomForest,0.336734693877551,0.18435537769154067,,10.0,1.0,,500.0,sqrt,,,,,
565,RandomForest,,,,,RandomForest,0.3826530612244898,0.2007283503222236,,10.0,1.0,,500.0,log2,,,,,
566,RandomForest,,,,,RandomForest,0.44387755102040816,0.3427042160737813,,10.0,1.0,,500.0,,,,,,
567,RandomForest,,,,,RandomForest,0.3979591836734694,0.19619339201428754,,10.0,2.0,,500.0,sqrt,,,,,
568,RandomForest,,,,,RandomForest,0.3826530612244898,0.18611065770109178,,10.0,2.0,,500.0,log2,,,,,
569,RandomForest,,,,,RandomForest,0.41836734693877553,0.2536350872182956,,10.0,2.0,,500.0,,,,,,
570,RandomForest,,,,,RandomForest,0.3622448979591837,0.18075307338052826,,10.0,5.0,,500.0,sqrt,,,,,
571,RandomForest,,,,,RandomForest,0.41836734693877553,0.20190536786253047,,10.0,5.0,,500.0,log2,,,,,
572,RandomForest,,,,,RandomForest,0.42346938775510207,0.21852858293075683,,10.0,5.0,,500.0,,,,,,
573,RandomForest,,,,,RandomForest,0.42346938775510207,0.21570929419986026,10.0,2.0,1.0,,500.0,sqrt,,,,,
574,RandomForest,,,,,RandomForest,0.4336734693877551,0.24331067993039823,10.0,2.0,1.0,,500.0,log2,,,,,
575,RandomForest,,,,,RandomForest,0.42857142857142855,0.28357142857142853,10.0,2.0,1.0,,500.0,,,,,,
576,RandomForest,,,,,RandomForest,0.3622448979591837,0.17843401342639964,10.0,2.0,2.0,,500.0,sqrt,,,,,
577,RandomForest,,,,,RandomForest,0.3979591836734694,0.20780581337321713,10.0,2.0,2.0,,500.0,log2,,,,,
578,RandomForest,,,,,RandomForest,0.3877551020408163,0.21362999745352684,10.0,2.0,2.0,,500.0,,,,,,
579,RandomForest,,,,,RandomForest,0.35714285714285715,0.18275323828161402,10.0,2.0,5.0,,500.0,sqrt,,,,,
580,RandomForest,,,,,RandomForest,0.3622448979591837,0.16447792477590903,10.0,2.0,5.0,,500.0,log2,,,,,
581,RandomForest,,,,,RandomForest,0.3520408163265306,0.23551820728291317,10.0,2.0,5.0,,500.0,,,,,,
582,RandomForest,,,,,RandomForest,0.37755102040816324,0.19575862733757474,10.0,5.0,1.0,,500.0,sqrt,,,,,
583,RandomForest,,,,,RandomForest,0.4336734693877551,0.2600649009180592,10.0,5.0,1.0,,500.0,log2,,,,,
584,RandomForest,,,,,RandomForest,0.413265306122449,0.24813696996795587,10.0,5.0,1.0,,500.0,,,,,,
585,RandomForest,,,,,RandomForest,0.37755102040816324,0.18396165858793712,10.0,5.0,2.0,,500.0,sqrt,,,,,
586,RandomForest,,,,,RandomForest,0.41836734693877553,0.20793605390287315,10.0,5.0,2.0,,500.0,log2,,,,,
587,RandomForest,,,,,RandomForest,0.3877551020408163,0.2833909624960926,10.0,5.0,2.0,,500.0,,,,,,
588,RandomForest,,,,,RandomForest,0.3163265306122449,0.18312862779120448,10.0,5.0,5.0,,500.0,sqrt,,,,,
589,RandomForest,,,,,RandomForest,0.336734693877551,0.15661333753608372,10.0,5.0,5.0,,500.0,log2,,,,,
590,RandomForest,,,,,RandomForest,0.3520408163265306,0.2024161408390416,10.0,5.0,5.0,,500.0,,,,,,
591,RandomForest,,,,,RandomForest,0.3622448979591837,0.1991185705909632,10.0,10.0,1.0,,500.0,sqrt,,,,,
592,RandomForest,,,,,RandomForest,0.3673469387755102,0.2093623686033553,10.0,10.0,1.0,,500.0,log2,,,,,
593,RandomForest,,,,,RandomForest,0.3979591836734694,0.22119800870529518,10.0,10.0,1.0,,500.0,,,,,,
594,RandomForest,,,,,RandomForest,0.42857142857142855,0.196910798490014,10.0,10.0,2.0,,500.0,sqrt,,,,,
595,RandomForest,,,,,RandomForest,0.4336734693877551,0.20679741587763276,10.0,10.0,2.0,,500.0,log2,,,,,
596,RandomForest,,,,,RandomForest,0.3979591836734694,0.20858701166920346,10.0,10.0,2.0,,500.0,,,,,,
597,RandomForest,,,,,RandomForest,0.40816326530612246,0.19648722595316773,10.0,10.0,5.0,,500.0,sqrt,,,,,
598,RandomForest,,,,,RandomForest,0.42346938775510207,0.25252586101983693,10.0,10.0,5.0,,500.0,log2,,,,,
599,RandomForest,,,,,RandomForest,0.39285714285714285,0.22959936944560488,10.0,10.0,5.0,,500.0,,,,,,
600,RandomForest,,,,,RandomForest,0.30612244897959184,0.18380899428009237,20.0,2.0,1.0,,500.0,sqrt,,,,,
601,RandomForest,,,,,RandomForest,0.37244897959183676,0.22267491659453187,20.0,2.0,1.0,,500.0,log2,,,,,
602,RandomForest,,,,,RandomForest,0.3469387755102041,0.19162534913526788,20.0,2.0,1.0,,500.0,,,,,,
603,RandomForest,,,,,RandomForest,0.3622448979591837,0.1973456203673044,20.0,2.0,2.0,,500.0,sqrt,,,,,
604,RandomForest,,,,,RandomForest,0.37244897959183676,0.21300574477001458,20.0,2.0,2.0,,500.0,log2,,,,,
605,RandomForest,,,,,RandomForest,0.39285714285714285,0.22374521148572782,20.0,2.0,2.0,,500.0,,,,,,
606,RandomForest,,,,,RandomForest,0.3979591836734694,0.2272972972972973,20.0,2.0,5.0,,500.0,sqrt,,,,,
607,RandomForest,,,,,RandomForest,0.3877551020408163,0.2094736842105263,20.0,2.0,5.0,,500.0,log2,,,,,
608,RandomForest,,,,,RandomForest,0.3622448979591837,0.19245649232248188,20.0,2.0,5.0,,500.0,,,,,,
609,RandomForest,,,,,RandomForest,0.34183673469387754,0.19709213930010508,20.0,5.0,1.0,,500.0,sqrt,,,,,
610,RandomForest,,,,,RandomForest,0.3979591836734694,0.23265151515151514,20.0,5.0,1.0,,500.0,log2,,,,,
611,RandomForest,,,,,RandomForest,0.33163265306122447,0.20315915968089882,20.0,5.0,1.0,,500.0,,,,,,
612,RandomForest,,,,,RandomForest,0.3979591836734694,0.2265245346347088,20.0,5.0,2.0,,500.0,sqrt,,,,,
613,RandomForest,,,,,RandomForest,0.3622448979591837,0.17927940425497693,20.0,5.0,2.0,,500.0,log2,,,,,
614,RandomForest,,,,,RandomForest,0.37755102040816324,0.2887620471832647,20.0,5.0,2.0,,500.0,,,,,,
615,RandomForest,,,,,RandomForest,0.4387755102040816,0.2490983267148627,20.0,5.0,5.0,,500.0,sqrt,,,,,
616,RandomForest,,,,,RandomForest,0.35714285714285715,0.1769339256751992,20.0,5.0,5.0,,500.0,log2,,,,,
617,RandomForest,,,,,RandomForest,0.3673469387755102,0.1885715686171535,20.0,5.0,5.0,,500.0,,,,,,
618,RandomForest,,,,,RandomForest,0.3469387755102041,0.20227024071513247,20.0,10.0,1.0,,500.0,sqrt,,,,,
619,RandomForest,,,,,RandomForest,0.39285714285714285,0.19407994990084543,20.0,10.0,1.0,,500.0,log2,,,,,
620,RandomForest,,,,,RandomForest,0.3520408163265306,0.20108256752993595,20.0,10.0,1.0,,500.0,,,,,,
621,RandomForest,,,,,RandomForest,0.3673469387755102,0.23543731823052197,20.0,10.0,2.0,,500.0,sqrt,,,,,
622,RandomForest,,,,,RandomForest,0.3469387755102041,0.17755102040816328,20.0,10.0,2.0,,500.0,log2,,,,,
623,RandomForest,,,,,RandomForest,0.3622448979591837,0.18762412297881406,20.0,10.0,2.0,,500.0,,,,,,
624,RandomForest,,,,,RandomForest,0.37244897959183676,0.19471149001350344,20.0,10.0,5.0,,500.0,sqrt,,,,,
625,RandomForest,,,,,RandomForest,0.40816326530612246,0.1819108846246583,20.0,10.0,5.0,,500.0,log2,,,,,
626,RandomForest,,,,,RandomForest,0.3520408163265306,0.21878573933625547,20.0,10.0,5.0,,500.0,,,,,,
627,RandomForest,,,,,RandomForest,0.336734693877551,0.21878226925175281,50.0,2.0,1.0,,500.0,sqrt,,,,,
628,RandomForest,,,,,RandomForest,0.33163265306122447,0.2147337113369722,50.0,2.0,1.0,,500.0,log2,,,,,
629,RandomForest,,,,,RandomForest,0.336734693877551,0.3278205708056454,50.0,2.0,1.0,,500.0,,,,,,
630,RandomForest,,,,,RandomForest,0.45918367346938777,0.27364230816485335,50.0,2.0,2.0,,500.0,sqrt,,,,,
631,RandomForest,,,,,RandomForest,0.39285714285714285,0.21400821400821401,50.0,2.0,2.0,,500.0,log2,,,,,
632,RandomForest,,,,,RandomForest,0.4030612244897959,0.24464213854555908,50.0,2.0,2.0,,500.0,,,,,,
633,RandomForest,,,,,RandomForest,0.3673469387755102,0.1700799200799201,50.0,2.0,5.0,,500.0,sqrt,,,,,
634,RandomForest,,,,,RandomForest,0.3877551020408163,0.1934600402919723,50.0,2.0,5.0,,500.0,log2,,,,,
635,RandomForest,,,,,RandomForest,0.3112244897959184,0.19422870610386342,50.0,2.0,5.0,,500.0,,,,,,
636,RandomForest,,,,,RandomForest,0.3673469387755102,0.20710362619904496,50.0,5.0,1.0,,500.0,sqrt,,,,,
637,RandomForest,,,,,RandomForest,0.336734693877551,0.2027920909499857,50.0,5.0,1.0,,500.0,log2,,,,,
638,RandomForest,,,,,RandomForest,0.3979591836734694,0.23086932821704023,50.0,5.0,1.0,,500.0,,,,,,
639,RandomForest,,,,,RandomForest,0.44387755102040816,0.22837174776726318,50.0,5.0,2.0,,500.0,sqrt,,,,,
640,RandomForest,,,,,RandomForest,0.413265306122449,0.22834446473951223,50.0,5.0,2.0,,500.0,log2,,,,,
641,RandomForest,,,,,RandomForest,0.3469387755102041,0.213637126036082,50.0,5.0,2.0,,500.0,,,,,,
642,RandomForest,,,,,RandomForest,0.40816326530612246,0.204522792022792,50.0,5.0,5.0,,500.0,sqrt,,,,,
643,RandomForest,,,,,RandomForest,0.39285714285714285,0.17052360550812562,50.0,5.0,5.0,,500.0,log2,,,,,
644,RandomForest,,,,,RandomForest,0.40816326530612246,0.21233069804498375,50.0,5.0,5.0,,500.0,,,,,,
645,RandomForest,,,,,RandomForest,0.37244897959183676,0.18868153183997596,50.0,10.0,1.0,,500.0,sqrt,,,,,
646,RandomForest,,,,,RandomForest,0.3826530612244898,0.21644428116059322,50.0,10.0,1.0,,500.0,log2,,,,,
647,RandomForest,,,,,RandomForest,0.3826530612244898,0.21329527936092685,50.0,10.0,1.0,,500.0,,,,,,
648,RandomForest,,,,,RandomForest,0.44387755102040816,0.2261998870694523,50.0,10.0,2.0,,500.0,sqrt,,,,,
649,RandomForest,,,,,RandomForest,0.45918367346938777,0.22055935365923798,50.0,10.0,2.0,,500.0,log2,,,,,
650,RandomForest,,,,,RandomForest,0.41836734693877553,0.24708767425402,50.0,10.0,2.0,,500.0,,,,,,
651,RandomForest,,,,,RandomForest,0.3826530612244898,0.1902300934880722,50.0,10.0,5.0,,500.0,sqrt,,,,,
652,RandomForest,,,,,RandomForest,0.3877551020408163,0.18803063905835102,50.0,10.0,5.0,,500.0,log2,,,,,
653,RandomForest,,,,,RandomForest,0.41836734693877553,0.21822894773714444,50.0,10.0,5.0,,500.0,,,,,,
654,Logreg,,,,,Logreg,0.32653061224489793,0.08205128205128205,,,,,,,0.01,l1,liblinear,100.0,
655,Logreg,,,,,Logreg,0.32653061224489793,0.10078740157480315,,,,,,,0.01,l1,liblinear,100.0,balanced
656,Logreg,,,,,Logreg,0.3622448979591837,0.08863920099875156,,,,,,,0.01,l1,liblinear,300.0,
657,Logreg,,,,,Logreg,0.3112244897959184,0.07911802853437094,,,,,,,0.01,l1,liblinear,300.0,balanced
658,Logreg,,,,,Logreg,0.3469387755102041,0.08585858585858586,,,,,,,0.01,l1,liblinear,1000.0,
659,Logreg,,,,,Logreg,0.3520408163265306,0.10615384615384615,,,,,,,0.01,l1,liblinear,1000.0,balanced
660,Logreg,,,,,Logreg,0.336734693877551,0.08396946564885495,,,,,,,0.01,l1,saga,100.0,
661,Logreg,,,,,Logreg,0.061224489795918366,0.019230769230769232,,,,,,,0.01,l1,saga,100.0,balanced
662,Logreg,,,,,Logreg,0.32653061224489793,0.08205128205128205,,,,,,,0.01,l1,saga,300.0,
663,Logreg,,,,,Logreg,0.2193877551020408,0.0599721059972106,,,,,,,0.01,l1,saga,300.0,balanced
664,Logreg,,,,,Logreg,0.3010204081632653,0.07712418300653595,,,,,,,0.01,l1,saga,1000.0,
665,Logreg,,,,,Logreg,0.07142857142857142,0.022222222222222223,,,,,,,0.01,l1,saga,1000.0,balanced
666,Logreg,,,,,Logreg,0.32653061224489793,0.1365983674829252,,,,,,,0.01,l2,liblinear,100.0,
667,Logreg,,,,,Logreg,0.37244897959183676,0.22162455693452998,,,,,,,0.01,l2,liblinear,100.0,balanced
668,Logreg,,,,,Logreg,0.37244897959183676,0.15070296523517382,,,,,,,0.01,l2,liblinear,300.0,
669,Logreg,,,,,Logreg,0.3622448979591837,0.21988347860871138,,,,,,,0.01,l2,liblinear,300.0,balanced
670,Logreg,,,,,Logreg,0.39285714285714285,0.15599950672092736,,,,,,,0.01,l2,liblinear,1000.0,
671,Logreg,,,,,Logreg,0.37755102040816324,0.21349792790679492,,,,,,,0.01,l2,liblinear,1000.0,balanced
672,Logreg,,,,,Logreg,0.44387755102040816,0.18555869853373233,,,,,,,0.01,l2,saga,100.0,
673,Logreg,,,,,Logreg,0.21428571428571427,0.17561628058745962,,,,,,,0.01,l2,saga,100.0,balanced
674,Logreg,,,,,Logreg,0.413265306122449,0.16460308607547872,,,,,,,0.01,l2,saga,300.0,
675,Logreg,,,,,Logreg,0.23979591836734693,0.19275517484193216,,,,,,,0.01,l2,saga,300.0,balanced
676,Logreg,,,,,Logreg,0.3112244897959184,0.12529064227177433,,,,,,,0.01,l2,saga,1000.0,
677,Logreg,,,,,Logreg,0.2653061224489796,0.2093053371996879,,,,,,,0.01,l2,saga,1000.0,balanced
678,Logreg,,,,,Logreg,0.3979591836734694,0.16800040119224535,,,,,,,0.1,l1,liblinear,100.0,
679,Logreg,,,,,Logreg,0.336734693877551,0.21827927431523322,,,,,,,0.1,l1,liblinear,100.0,balanced
680,Logreg,,,,,Logreg,0.3877551020408163,0.15948264414522084,,,,,,,0.1,l1,liblinear,300.0,
681,Logreg,,,,,Logreg,0.34183673469387754,0.21701494556028947,,,,,,,0.1,l1,liblinear,300.0,balanced
682,Logreg,,,,,Logreg,0.413265306122449,0.16418650793650794,,,,,,,0.1,l1,liblinear,1000.0,
683,Logreg,,,,,Logreg,0.28061224489795916,0.18117060204363436,,,,,,,0.1,l1,liblinear,1000.0,balanced
684,Logreg,,,,,Logreg,0.35714285714285715,0.15757768835233624,,,,,,,0.1,l1,saga,100.0,
685,Logreg,,,,,Logreg,0.3622448979591837,0.26246305418719207,,,,,,,0.1,l1,saga,100.0,balanced
686,Logreg,,,,,Logreg,0.42346938775510207,0.17259397586194972,,,,,,,0.1,l1,saga,300.0,
687,Logreg,,,,,Logreg,0.00510204081632653,0.006944444444444444,,,,,,,0.1,l1,saga,300.0,balanced
688,Logreg,,,,,Logreg,0.4336734693877551,0.23748064743138636,,,,,,,0.1,l1,saga,1000.0,
689,Logreg,,,,,Logreg,0.16326530612244897,0.14303261911687082,,,,,,,0.1,l1,saga,1000.0,balanced
690,Logreg,,,,,Logreg,0.4030612244897959,0.19525572155259197,,,,,,,0.1,l2,liblinear,100.0,
691,Logreg,,,,,Logreg,0.3520408163265306,0.2648673750164611,,,,,,,0.1,l2,liblinear,100.0,balanced
692,Logreg,,,,,Logreg,0.46938775510204084,0.2699107985016304,,,,,,,0.1,l2,liblinear,300.0,
693,Logreg,,,,,Logreg,0.29591836734693877,0.20997167677495546,,,,,,,0.1,l2,liblinear,300.0,balanced
694,Logreg,,,,,Logreg,0.3826530612244898,0.16963129411680689,,,,,,,0.1,l2,liblinear,1000.0,
695,Logreg,,,,,Logreg,0.29591836734693877,0.20149199315865984,,,,,,,0.1,l2,liblinear,1000.0,balanced
696,Logreg,,,,,Logreg,0.3826530612244898,0.23482152295711617,,,,,,,0.1,l2,saga,100.0,
697,Logreg,,,,,Logreg,0.2653061224489796,0.23609762865693185,,,,,,,0.1,l2,saga,100.0,balanced
698,Logreg,,,,,Logreg,0.45408163265306123,0.23130749155007915,,,,,,,0.1,l2,saga,300.0,
699,Logreg,,,,,Logreg,0.22959183673469388,0.18918259275066784,,,,,,,0.1,l2,saga,300.0,balanced
700,Logreg,,,,,Logreg,0.39285714285714285,0.19223608386332558,,,,,,,0.1,l2,saga,1000.0,
701,Logreg,,,,,Logreg,0.2755102040816326,0.23127821264052442,,,,,,,0.1,l2,saga,1000.0,balanced
702,Logreg,,,,,Logreg,0.3979591836734694,0.187530023790774,,,,,,,1.0,l1,liblinear,100.0,
703,Logreg,,,,,Logreg,0.3520408163265306,0.26822424161836544,,,,,,,1.0,l1,liblinear,100.0,balanced
704,Logreg,,,,,Logreg,0.4489795918367347,0.23226396252712042,,,,,,,1.0,l1,liblinear,300.0,
705,Logreg,,,,,Logreg,0.28061224489795916,0.21167361531145534,,,,,,,1.0,l1,liblinear,300.0,balanced
706,Logreg,,,,,Logreg,0.42857142857142855,0.20572065275099896,,,,,,,1.0,l1,liblinear,1000.0,
707,Logreg,,,,,Logreg,0.34183673469387754,0.2545051884405678,,,,,,,1.0,l1,liblinear,1000.0,balanced
708,Logreg,,,,,Logreg,0.4336734693877551,0.21957139060248718,,,,,,,1.0,l1,saga,100.0,
709,Logreg,,,,,Logreg,0.2653061224489796,0.21471571906354514,,,,,,,1.0,l1,saga,100.0,balanced
710,Logreg,,,,,Logreg,0.42346938775510207,0.21309541186201528,,,,,,,1.0,l1,saga,300.0,
711,Logreg,,,,,Logreg,0.30612244897959184,0.20942830258321768,,,,,,,1.0,l1,saga,300.0,balanced
712,Logreg,,,,,Logreg,0.4030612244897959,0.21727381106344848,,,,,,,1.0,l1,saga,1000.0,
713,Logreg,,,,,Logreg,0.22959183673469388,0.15175102776135554,,,,,,,1.0,l1,saga,1000.0,balanced
714,Logreg,,,,,Logreg,0.32653061224489793,0.16357462932805397,,,,,,,1.0,l2,liblinear,100.0,
715,Logreg,,,,,Logreg,0.35714285714285715,0.27383482807211623,,,,,,,1.0,l2,liblinear,100.0,balanced
716,Logreg,,,,,Logreg,0.4336734693877551,0.24090317711407203,,,,,,,1.0,l2,liblinear,300.0,
717,Logreg,,,,,Logreg,0.35714285714285715,0.2934556973400431,,,,,,,1.0,l2,liblinear,300.0,balanced
718,Logreg,,,,,Logreg,0.35714285714285715,0.1792260240536103,,,,,,,1.0,l2,liblinear,1000.0,
719,Logreg,,,,,Logreg,0.34183673469387754,0.23723714361450954,,,,,,,1.0,l2,liblinear,1000.0,balanced
720,Logreg,,,,,Logreg,0.3877551020408163,0.1975143380690607,,,,,,,1.0,l2,saga,100.0,
721,Logreg,,,,,Logreg,0.12755102040816327,0.12099091660192392,,,,,,,1.0,l2,saga,100.0,balanced
722,Logreg,,,,,Logreg,0.413265306122449,0.24165462764886844,,,,,,,1.0,l2,saga,300.0,
723,Logreg,,,,,Logreg,0.1326530612244898,0.11535459547881366,,,,,,,1.0,l2,saga,300.0,balanced
724,Logreg,,,,,Logreg,0.40816326530612246,0.23184082354525015,,,,,,,1.0,l2,saga,1000.0,
725,Logreg,,,,,Logreg,0.23469387755102042,0.19821321342619516,,,,,,,1.0,l2,saga,1000.0,balanced
726,Logreg,,,,,Logreg,0.3520408163265306,0.18526037382020186,,,,,,,10.0,l1,liblinear,100.0,
727,Logreg,,,,,Logreg,0.2755102040816326,0.21721097213722584,,,,,,,10.0,l1,liblinear,100.0,balanced
728,Logreg,,,,,Logreg,0.3877551020408163,0.22996491228070176,,,,,,,10.0,l1,liblinear,300.0,
729,Logreg,,,,,Logreg,0.28061224489795916,0.2035566649874813,,,,,,,10.0,l1,liblinear,300.0,balanced
730,Logreg,,,,,Logreg,0.37755102040816324,0.1965089777942037,,,,,,,10.0,l1,liblinear,1000.0,
731,Logreg,,,,,Logreg,0.3163265306122449,0.21463429174613732,,,,,,,10.0,l1,liblinear,1000.0,balanced
732,Logreg,,,,,Logreg,0.3877551020408163,0.2274919724724939,,,,,,,10.0,l1,saga,100.0,
733,Logreg,,,,,Logreg,0.2653061224489796,0.22882768141868245,,,,,,,10.0,l1,saga,100.0,balanced
734,Logreg,,,,,Logreg,0.4030612244897959,0.244034645715318,,,,,,,10.0,l1,saga,300.0,
735,Logreg,,,,,Logreg,0.25510204081632654,0.20993550699572383,,,,,,,10.0,l1,saga,300.0,balanced
736,Logreg,,,,,Logreg,0.3877551020408163,0.2635012167312823,,,,,,,10.0,l1,saga,1000.0,
737,Logreg,,,,,Logreg,0.37244897959183676,0.242424863131413,,,,,,,10.0,l1,saga,1000.0,balanced
738,Logreg,,,,,Logreg,0.413265306122449,0.22960483494137204,,,,,,,10.0,l2,liblinear,100.0,
739,Logreg,,,,,Logreg,0.29591836734693877,0.21627043883892094,,,,,,,10.0,l2,liblinear,100.0,balanced
740,Logreg,,,,,Logreg,0.3979591836734694,0.2255682239477446,,,,,,,10.0,l2,liblinear,300.0,
741,Logreg,,,,,Logreg,0.2755102040816326,0.20276233855620532,,,,,,,10.0,l2,liblinear,300.0,balanced
742,Logreg,,,,,Logreg,0.4030612244897959,0.2048779587164433,,,,,,,10.0,l2,liblinear,1000.0,
743,Logreg,,,,,Logreg,0.30612244897959184,0.20514239951580104,,,,,,,10.0,l2,liblinear,1000.0,balanced
744,Logreg,,,,,Logreg,0.42346938775510207,0.28222336143388776,,,,,,,10.0,l2,saga,100.0,
745,Logreg,,,,,Logreg,0.19387755102040816,0.15951592787932536,,,,,,,10.0,l2,saga,100.0,balanced
746,Logreg,,,,,Logreg,0.3469387755102041,0.17750491628004658,,,,,,,10.0,l2,saga,300.0,
747,Logreg,,,,,Logreg,0.3520408163265306,0.13266334715820038,,,,,,,10.0,l2,saga,300.0,balanced
748,Logreg,,,,,Logreg,0.37755102040816324,0.21444243631608853,,,,,,,10.0,l2,saga,1000.0,
749,Logreg,,,,,Logreg,0.22448979591836735,0.17948003466373186,,,,,,,10.0,l2,saga,1000.0,balanced
750,Logreg,,,,,Logreg,0.3877551020408163,0.22148959858191808,,,,,,,100.0,l1,liblinear,100.0,
751,Logreg,,,,,Logreg,0.34183673469387754,0.2771272629809215,,,,,,,100.0,l1,liblinear,100.0,balanced
752,Logreg,,,,,Logreg,0.42346938775510207,0.26205256058197235,,,,,,,100.0,l1,liblinear,300.0,
753,Logreg,,,,,Logreg,0.3877551020408163,0.29819236686945166,,,,,,,100.0,l1,liblinear,300.0,balanced
754,Logreg,,,,,Logreg,0.3826530612244898,0.22202412496530144,,,,,,,100.0,l1,liblinear,1000.0,
755,Logreg,,,,,Logreg,0.29591836734693877,0.2182236031676329,,,,,,,100.0,l1,liblinear,1000.0,balanced
756,Logreg,,,,,Logreg,0.39285714285714285,0.21024458090589407,,,,,,,100.0,l1,saga,100.0,
757,Logreg,,,,,Logreg,0.2755102040816326,0.224803898682155,,,,,,,100.0,l1,saga,100.0,balanced
758,Logreg,,,,,Logreg,0.3979591836734694,0.24784213877987046,,,,,,,100.0,l1,saga,300.0,
759,Logreg,,,,,Logreg,0.35714285714285715,0.24617413059243543,,,,,,,100.0,l1,saga,300.0,balanced
760,Logreg,,,,,Logreg,0.4030612244897959,0.24256379970121475,,,,,,,100.0,l1,saga,1000.0,
761,Logreg,,,,,Logreg,0.33163265306122447,0.2517617802269649,,,,,,,100.0,l1,saga,1000.0,balanced
762,Logreg,,,,,Logreg,0.4387755102040816,0.21840920918789772,,,,,,,100.0,l2,liblinear,100.0,
763,Logreg,,,,,Logreg,0.34183673469387754,0.27670752136967885,,,,,,,100.0,l2,liblinear,100.0,balanced
764,Logreg,,,,,Logreg,0.4846938775510204,0.2674594120137533,,,,,,,100.0,l2,liblinear,300.0,
765,Logreg,,,,,Logreg,0.3010204081632653,0.2283923832482211,,,,,,,100.0,l2,liblinear,300.0,balanced
766,Logreg,,,,,Logreg,0.46938775510204084,0.2640406013841632,,,,,,,100.0,l2,liblinear,1000.0,
767,Logreg,,,,,Logreg,0.3469387755102041,0.23976199447235022,,,,,,,100.0,l2,liblinear,1000.0,balanced
768,Logreg,,,,,Logreg,0.3979591836734694,0.25867966871858444,,,,,,,100.0,l2,saga,100.0,
769,Logreg,,,,,Logreg,0.1836734693877551,0.14367680056435594,,,,,,,100.0,l2,saga,100.0,balanced
770,Logreg,,,,,Logreg,0.3826530612244898,0.21123636534595436,,,,,,,100.0,l2,saga,300.0,
771,Logreg,,,,,Logreg,0.2653061224489796,0.22075768171658583,,,,,,,100.0,l2,saga,300.0,balanced
772,Logreg,,,,,Logreg,0.413265306122449,0.2692714692714693,,,,,,,100.0,l2,saga,1000.0,
773,Logreg,,,,,Logreg,0.2755102040816326,0.20782419087503834,,,,,,,100.0,l2,saga,1000.0,balanced
